2026	Summer	Standard	MS=0	Higher Tier, M8: Paper 2 (With calculator)	https://ccea.org.uk/downloads/docs/Past-Papers/cleared/GCSE/GCSE%20Mathematics%20%282017%29/2026-Summer/Standard/0/GCSE-Mathematics%20-504-Summer2026-Higher%20Tier%2C%20M8%3A%20Paper%202%20%28With%20calculator%29-Paper.pdf
2026	Summer	Standard	MS=0	Higher Tier, M8: Paper 1 (Non-Calculator)	https://ccea.org.uk/downloads/docs/Past-Papers/cleared/GCSE/GCSE%20Mathematics%20%282017%29/2026-Summer/Standard/0/GCSE-Mathematics%20-504-Summer2026-Higher%20Tier%2C%20M8%3A%20Paper%201%20%28Non-Calculator%29-Paper.pdf
2026	Summer	Standard	MS=0	Higher Tier, M7: Paper 2 (With calculator)	https://ccea.org.uk/downloads/docs/Past-Papers/cleared/GCSE/GCSE%20Mathematics%20%282017%29/2026-Summer/Standard/0/GCSE-Mathematics%20-504-Summer2026-Higher%20Tier%2C%20M7%3A%20Paper%202%20%28With%20calculator%29-Paper.pdf
2026	Summer	Standard	MS=0	Higher Tier, M7: Paper 1 (Non-Calculator	https://ccea.org.uk/downloads/docs/Past-Papers/cleared/GCSE/GCSE%20Mathematics%20%282017%29/2026-Summer/Standard/0/GCSE-Mathematics%20-504-Summer2026-Higher%20Tier%2C%20M7%3A%20Paper%201%20%28Non-Calculator-Paper.pdf
2026	Summer	Standard	MS=0	Foundation Tier, M6: Paper 2 (With calculator)	https://ccea.org.uk/downloads/docs/Past-Papers/cleared/GCSE/GCSE%20Mathematics%20%282017%29/2026-Summer/Standard/0/GCSE-Mathematics%20-504-Summer2026-Foundation%20Tier%2C%20M6%3A%20Paper%202%20%28With%20calculator%29-Paper.pdf
2026	Summer	Standard	MS=0	Foundation Tier, M6: Paper 1 (Non-Calculator)	https://ccea.org.uk/downloads/docs/Past-Papers/cleared/GCSE/GCSE%20Mathematics%20%282017%29/2026-Summer/Standard/0/GCSE-Mathematics%20-504-Summer2026-Foundation%20Tier%2C%20M6%3A%20Paper%201%20%28Non-Calculator%29-Paper.pdf
2026	Summer	Standard	MS=0	Foundation Tier, M5: Paper 2 (With calculator)	https://ccea.org.uk/downloads/docs/Past-Papers/cleared/GCSE/GCSE%20Mathematics%20%282017%29/2026-Summer/Standard/0/GCSE-Mathematics%20-504-Summer2026-Foundation%20Tier%2C%20M5%3A%20Paper%202%20%28With%20calculator%29-Paper.pdf
2026	Summer	Standard	MS=0	Foundation Tier, M5: Paper 1 (Non-Calculator)	https://ccea.org.uk/downloads/docs/Past-Papers/cleared/GCSE/GCSE%20Mathematics%20%282017%29/2026-Summer/Standard/0/GCSE-Mathematics%20-504-Summer2026-Foundation%20Tier%2C%20M5%3A%20Paper%201%20%28Non-Calculator%29-Paper.pdf
2026	Summer	Standard	MS=0	Higher Tier, M4 (With calculator)	https://ccea.org.uk/downloads/docs/Past-Papers/cleared/GCSE/GCSE%20Mathematics%20%282017%29/2026-Summer/Standard/0/GCSE-Mathematics%20-504-Summer2026-Higher%20Tier%2C%20M4%20%28With%20calculator%29-Paper.pdf
2026	Summer	Standard	MS=0	Higher Tier, M3 (With calculator)	https://ccea.org.uk/downloads/docs/Past-Papers/cleared/GCSE/GCSE%20Mathematics%20%282017%29/2026-Summer/Standard/0/GCSE-Mathematics%20-504-Summer2026-Higher%20Tier%2C%20M3%20%28With%20calculator%29-Paper.pdf
2026	Summer	Standard	MS=0	Foundation Tier, M2 (With calculator)	https://ccea.org.uk/downloads/docs/Past-Papers/cleared/GCSE/GCSE%20Mathematics%20%282017%29/2026-Summer/Standard/0/GCSE-Mathematics%20-504-Summer2026-Foundation%20Tier%2C%20M2%20%28With%20calculator%29-Paper.pdf
2026	Summer	Standard	MS=0	Foundation Tier, M1 (With calculator)	https://ccea.org.uk/downloads/docs/Past-Papers/cleared/GCSE/GCSE%20Mathematics%20%282017%29/2026-Summer/Standard/0/GCSE-Mathematics%20-504-Summer2026-Foundation%20Tier%2C%20M1%20%28With%20calculator%29-Paper.pdf
2025	November	Modified	MS=0	Foundation Tier, M6 Paper 2 (With calculator) (MV24)	https://ccea.org.uk/downloads/docs/Past-Papers/cleared/GCSE/GCSE%20Mathematics%20%282017%29/2025-November/Modified/0/GCSE-Mathematics%20-504-November2025-Foundation%20Tier%2C%20M6%20Paper%202%20%28With%20calculator%29%20%28MV24%29-Paper.pdf
2025	November	Modified	MS=0	Foundation Tier, M6 Paper 1 (Non-Calculator) (MV24)	https://ccea.org.uk/downloads/docs/Past-Papers/cleared/GCSE/GCSE%20Mathematics%20%282017%29/2025-November/Modified/0/GCSE-Mathematics%20-504-November2025-Foundation%20Tier%2C%20M6%20Paper%201%20%28Non-Calculator%29%20%28MV24%29-Paper.pdf
2025	November	Modified	MS=0	Foundation Tier, M5 Paper 2 (With calculator) (MV24)	https://ccea.org.uk/downloads/docs/Past-Papers/cleared/GCSE/GCSE%20Mathematics%20%282017%29/2025-November/Modified/0/GCSE-Mathematics%20-504-November2025-Foundation%20Tier%2C%20M5%20Paper%202%20%28With%20calculator%29%20%28MV24%29-Paper.pdf
2025	November	Modified	MS=0	Foundation Tier, M5 Paper 1 (Non-Calculator) (MV24)	https://ccea.org.uk/downloads/docs/Past-Papers/cleared/GCSE/GCSE%20Mathematics%20%282017%29/2025-November/Modified/0/GCSE-Mathematics%20-504-November2025-Foundation%20Tier%2C%20M5%20Paper%201%20%28Non-Calculator%29%20%28MV24%29-Paper.pdf
2025	November	Modified	MS=0	Higher Tier, M3 (With calculator) (MV24)	https://ccea.org.uk/downloads/docs/Past-Papers/cleared/GCSE/GCSE%20Mathematics%20%282017%29/2025-November/Modified/0/GCSE-Mathematics%20-504-November2025-Higher%20Tier%2C%20M3%20%28With%20calculator%29%20%28MV24%29-Paper.pdf
2025	November	Modified	MS=0	Foundation Tier, M2 (With calculator) (MV24-IM)	https://ccea.org.uk/downloads/docs/Past-Papers/cleared/GCSE/GCSE%20Mathematics%20%282017%29/2025-November/Modified/0/GCSE-Mathematics%20-504-November2025-Foundation%20Tier%2C%20M2%20%28With%20calculator%29%20%28MV24-IM%29-Paper.pdf
2025	November	Modified	MS=0	Foundation Tier, M2 (With calculator) (MV24)	https://ccea.org.uk/downloads/docs/Past-Papers/cleared/GCSE/GCSE%20Mathematics%20%282017%29/2025-November/Modified/0/GCSE-Mathematics%20-504-November2025-Foundation%20Tier%2C%20M2%20%28With%20calculator%29%20%28MV24%29-Paper.pdf
2025	November	Modified	MS=0	Higher Tier, M7 Paper 2 (With calculator) (MV18)	https://ccea.org.uk/downloads/docs/Past-Papers/cleared/GCSE/GCSE%20Mathematics%20%282017%29/2025-November/Modified/0/GCSE-Mathematics%20-504-November2025-Higher%20Tier%2C%20M7%20Paper%202%20%28With%20calculator%29%20%28MV18%29-Paper.pdf
2025	November	Modified	MS=0	Higher Tier, M7 Paper 1 (Non-Calculator) (MV18)	https://ccea.org.uk/downloads/docs/Past-Papers/cleared/GCSE/GCSE%20Mathematics%20%282017%29/2025-November/Modified/0/GCSE-Mathematics%20-504-November2025-Higher%20Tier%2C%20M7%20Paper%201%20%28Non-Calculator%29%20%28MV18%29-Paper.pdf
2025	November	Modified	MS=0	Foundation Tier, M6 Paper 2 (With calculator) (MV18)	https://ccea.org.uk/downloads/docs/Past-Papers/cleared/GCSE/GCSE%20Mathematics%20%282017%29/2025-November/Modified/0/GCSE-Mathematics%20-504-November2025-Foundation%20Tier%2C%20M6%20Paper%202%20%28With%20calculator%29%20%28MV18%29-Paper.pdf
2025	November	Modified	MS=0	Foundation Tier, M6 Paper 1 (Non-Calculator) (MV18)	https://ccea.org.uk/downloads/docs/Past-Papers/cleared/GCSE/GCSE%20Mathematics%20%282017%29/2025-November/Modified/0/GCSE-Mathematics%20-504-November2025-Foundation%20Tier%2C%20M6%20Paper%201%20%28Non-Calculator%29%20%28MV18%29-Paper.pdf
2025	November	Modified	MS=0	Higher Tier, M4 (With calculator) (MV18)	https://ccea.org.uk/downloads/docs/Past-Papers/cleared/GCSE/GCSE%20Mathematics%20%282017%29/2025-November/Modified/0/GCSE-Mathematics%20-504-November2025-Higher%20Tier%2C%20M4%20%28With%20calculator%29%20%28MV18%29-Paper.pdf
2025	November	Modified	MS=0	Foundation Tier, M2 (With calculator) (MV18)	https://ccea.org.uk/downloads/docs/Past-Papers/cleared/GCSE/GCSE%20Mathematics%20%282017%29/2025-November/Modified/0/GCSE-Mathematics%20-504-November2025-Foundation%20Tier%2C%20M2%20%28With%20calculator%29%20%28MV18%29-Paper.pdf
2025	November	Modified	MS=0	Foundation Tier, M1 (With calculator) (MV18)	https://ccea.org.uk/downloads/docs/Past-Papers/cleared/GCSE/GCSE%20Mathematics%20%282017%29/2025-November/Modified/0/GCSE-Mathematics%20-504-November2025-Foundation%20Tier%2C%20M1%20%28With%20calculator%29%20%28MV18%29-Paper.pdf
2025	November	Modified	MS=0	Foundation Tier, M6 Paper 2 (With calculator) (ML)	https://ccea.org.uk/downloads/docs/Past-Papers/cleared/GCSE/GCSE%20Mathematics%20%282017%29/2025-November/Modified/0/GCSE-Mathematics%20-504-November2025-Foundation%20Tier%2C%20M6%20Paper%202%20%28With%20calculator%29%20%28ML%29-Paper.pdf
2025	November	Modified	MS=0	Foundation Tier, M5 Paper 2 (With calculator) (ML)	https://ccea.org.uk/downloads/docs/Past-Papers/cleared/GCSE/GCSE%20Mathematics%20%282017%29/2025-November/Modified/0/GCSE-Mathematics%20-504-November2025-Foundation%20Tier%2C%20M5%20Paper%202%20%28With%20calculator%29%20%28ML%29-Paper.pdf
2025	November	Modified	MS=0	Higher Tier, M3 (With calculator) (ML)	https://ccea.org.uk/downloads/docs/Past-Papers/cleared/GCSE/GCSE%20Mathematics%20%282017%29/2025-November/Modified/0/GCSE-Mathematics%20-504-November2025-Higher%20Tier%2C%20M3%20%28With%20calculator%29%20%28ML%29-Paper.pdf
2025	November	Modified	MS=0	Foundation Tier, M2 (With calculator) (ML)	https://ccea.org.uk/downloads/docs/Past-Papers/cleared/GCSE/GCSE%20Mathematics%20%282017%29/2025-November/Modified/0/GCSE-Mathematics%20-504-November2025-Foundation%20Tier%2C%20M2%20%28With%20calculator%29%20%28ML%29-Paper.pdf
2025	November	Modified	MS=0	Foundation Tier, M1 (With calculator) (ML)	https://ccea.org.uk/downloads/docs/Past-Papers/cleared/GCSE/GCSE%20Mathematics%20%282017%29/2025-November/Modified/0/GCSE-Mathematics%20-504-November2025-Foundation%20Tier%2C%20M1%20%28With%20calculator%29%20%28ML%29-Paper.pdf
2025	November	Irish Medium	MS=0	Foundation Tier, M6 Paper 2 (With calculator)	https://ccea.org.uk/downloads/docs/Past-Papers/cleared/GCSE/GCSE%20Mathematics%20%282017%29/2025-November/Irish%20Medium/0/GCSE-Mathematics%20-504-November2025-Foundation%20Tier%2C%20M6%20Paper%202%20%28With%20calculator%29-Paper.pdf
2025	November	Irish Medium	MS=0	Foundation Tier, M6 Paper 1 (Non-Calculator)	https://ccea.org.uk/downloads/docs/Past-Papers/cleared/GCSE/GCSE%20Mathematics%20%282017%29/2025-November/Irish%20Medium/0/GCSE-Mathematics%20-504-November2025-Foundation%20Tier%2C%20M6%20Paper%201%20%28Non-Calculator%29-Paper.pdf
2025	November	Irish Medium	MS=0	Higher Tier, M4 (With calculator)	https://ccea.org.uk/downloads/docs/Past-Papers/cleared/GCSE/GCSE%20Mathematics%20%282017%29/2025-November/Irish%20Medium/0/GCSE-Mathematics%20-504-November2025-Higher%20Tier%2C%20M4%20%28With%20calculator%29-Paper.pdf
2025	November	Irish Medium	MS=0	Higher Tier, M3 (With calculator)	https://ccea.org.uk/downloads/docs/Past-Papers/cleared/GCSE/GCSE%20Mathematics%20%282017%29/2025-November/Irish%20Medium/0/GCSE-Mathematics%20-504-November2025-Higher%20Tier%2C%20M3%20%28With%20calculator%29-Paper.pdf
2025	November	Irish Medium	MS=0	Foundation Tier, M2 (With calculator)	https://ccea.org.uk/downloads/docs/Past-Papers/cleared/GCSE/GCSE%20Mathematics%20%282017%29/2025-November/Irish%20Medium/0/GCSE-Mathematics%20-504-November2025-Foundation%20Tier%2C%20M2%20%28With%20calculator%29-Paper_0.pdf
2025	November	Irish Medium	MS=0	Foundation Tier, M1 (With calculator)	https://ccea.org.uk/downloads/docs/Past-Papers/cleared/GCSE/GCSE%20Mathematics%20%282017%29/2025-November/Irish%20Medium/0/GCSE-Mathematics%20-504-November2025-Foundation%20Tier%2C%20M1%20%28With%20calculator%29-Paper.pdf
2025	November	Standard	MS=1	Higher Tier, M8 Paper 2 (With calculator)	https://ccea.org.uk/downloads/docs/Past-Papers/cleared/GCSE/GCSE%20Mathematics%20%282017%29/2025-November/Standard/0/GCSE-Mathematics%20-504-November2025-Higher%20Tier%2C%20M8%20Paper%202%20%28With%20calculator%29-MS.pdf
2025	November	Standard	MS=1	Higher Tier, M8 Paper 1 (Non-Calculator)	https://ccea.org.uk/downloads/docs/Past-Papers/cleared/GCSE/GCSE%20Mathematics%20%282017%29/2025-November/Standard/0/GCSE-Mathematics%20-504-November2025-Higher%20Tier%2C%20M8%20Paper%201%20%28Non-Calculator%29-MS.pdf
2025	November	Standard	MS=1	Higher Tier, M7 Paper 2 (With calculator)	https://ccea.org.uk/downloads/docs/Past-Papers/cleared/GCSE/GCSE%20Mathematics%20%282017%29/2025-November/Standard/0/GCSE-Mathematics%20-504-November2025-Higher%20Tier%2C%20M7%20Paper%202%20%28With%20calculator%29-MS.pdf
2025	November	Standard	MS=1	Higher Tier, M7 Paper 1 (Non-Calculator)	https://ccea.org.uk/downloads/docs/Past-Papers/cleared/GCSE/GCSE%20Mathematics%20%282017%29/2025-November/Standard/0/GCSE-Mathematics%20-504-November2025-Higher%20Tier%2C%20M7%20Paper%201%20%28Non-Calculator%29-MS.pdf
2025	November	Standard	MS=1	Foundation Tier, M6 Paper 2 (With calculator)	https://ccea.org.uk/downloads/docs/Past-Papers/cleared/GCSE/GCSE%20Mathematics%20%282017%29/2025-November/Standard/0/GCSE-Mathematics%20-504-November2025-Foundation%20Tier%2C%20M6%20Paper%202%20%28With%20calculator%29-MS.pdf
2025	November	Standard	MS=1	Foundation Tier, M6 Paper 1 (Non-Calculator)	https://ccea.org.uk/downloads/docs/Past-Papers/cleared/GCSE/GCSE%20Mathematics%20%282017%29/2025-November/Standard/0/GCSE-Mathematics%20-504-November2025-Foundation%20Tier%2C%20M6%20Paper%201%20%28Non-Calculator%29-MS.pdf
2025	November	Standard	MS=1	Foundation Tier, M5 Paper 2 (With calculator)	https://ccea.org.uk/downloads/docs/Past-Papers/cleared/GCSE/GCSE%20Mathematics%20%282017%29/2025-November/Standard/0/GCSE-Mathematics%20-504-November2025-Foundation%20Tier%2C%20M5%20Paper%202%20%28With%20calculator%29-MS.pdf
2025	November	Standard	MS=1	Foundation Tier, M5 Paper 1 (Non-calculator)	https://ccea.org.uk/downloads/docs/Past-Papers/cleared/GCSE/GCSE%20Mathematics%20%282017%29/2025-November/Standard/0/GCSE-Mathematics%20-504-November2025-Foundation%20Tier%2C%20M5%20Paper%201%20%28Non-calculator%29-MS.pdf
2025	November	Standard	MS=1	Higher Tier, M4 (With calculator)	https://ccea.org.uk/downloads/docs/Past-Papers/cleared/GCSE/GCSE%20Mathematics%20%282017%29/2025-November/Standard/0/GCSE-Mathematics%20-504-November2025-Higher%20Tier%2C%20M4%20%28With%20calculator%29-MS.pdf
2025	November	Standard	MS=1	Higher Tier, M3 (With calculator)	https://ccea.org.uk/downloads/docs/Past-Papers/cleared/GCSE/GCSE%20Mathematics%20%282017%29/2025-November/Standard/0/GCSE-Mathematics%20-504-November2025-Higher%20Tier%2C%20M3%20%28With%20calculator%29-MS.pdf
2025	November	Standard	MS=1	Foundation Tier, M2 (With calculator)	https://ccea.org.uk/downloads/docs/Past-Papers/cleared/GCSE/GCSE%20Mathematics%20%282017%29/2025-November/Standard/0/GCSE-Mathematics%20-504-November2025-Foundation%20Tier%2C%20M2%20%28With%20calculator%29-MS.pdf
2025	November	Standard	MS=1	Foundation Tier, M1 (With calculator)	https://ccea.org.uk/downloads/docs/Past-Papers/cleared/GCSE/GCSE%20Mathematics%20%282017%29/2025-November/Standard/0/GCSE-Mathematics%20-504-November2025-Foundation%20Tier%2C%20M1%20%28With%20calculator%29-MS.pdf
2025	November	Standard	MS=0	Foundation Tier, M5 Paper 1 (Non-Calculator)	https://ccea.org.uk/downloads/docs/Past-Papers/cleared/GCSE/GCSE%20Mathematics%20%282017%29/2025-November/Standard/0/GCSE-Mathematics%20-504-November2025-Foundation%20Tier%2C%20M5%20Paper%201%20%28Non-Calculator%29-Paper.pdf
2025	November	Standard	MS=0	Higher Tier, M8 Paper 2 (With calculator)	https://ccea.org.uk/downloads/docs/Past-Papers/cleared/GCSE/GCSE%20Mathematics%20%282017%29/2025-November/Standard/0/GCSE-Mathematics%20-504-November2025-Higher%20Tier%2C%20M8%20Paper%202%20%28With%20calculator%29-Paper.pdf
2025	November	Standard	MS=0	Higher Tier, M8 Paper 1 (Non-Calculator)	https://ccea.org.uk/downloads/docs/Past-Papers/cleared/GCSE/GCSE%20Mathematics%20%282017%29/2025-November/Standard/0/GCSE-Mathematics%20-504-November2025-Higher%20Tier%2C%20M8%20Paper%201%20%28Non-Calculator%29-Paper.pdf
2025	November	Standard	MS=0	Higher Tier, M7 Paper 1 (Non-Calculator)	https://ccea.org.uk/downloads/docs/Past-Papers/cleared/GCSE/GCSE%20Mathematics%20%282017%29/2025-November/Standard/0/GCSE-Mathematics%20-504-November2025-Higher%20Tier%2C%20M7%20Paper%201%20%28Non-Calculator%29-Paper.pdf
2025	November	Standard	MS=0	Higher Tier, M7 Paper 2 (With calculator)	https://ccea.org.uk/downloads/docs/Past-Papers/cleared/GCSE/GCSE%20Mathematics%20%282017%29/2025-November/Standard/0/GCSE-Mathematics%20-504-November2025-Higher%20Tier%2C%20M7%20Paper%202%20%28With%20calculator%29-Paper.pdf
2025	November	Standard	MS=0	Foundation Tier, M6 Paper 2 (With calculator)	https://ccea.org.uk/downloads/docs/Past-Papers/cleared/GCSE/GCSE%20Mathematics%20%282017%29/2025-November/Standard/0/GCSE-Mathematics%20-504-November2025-Foundation%20Tier%2C%20M6%20Paper%202%20%28With%20calculator%29-Paper.pdf
2025	November	Standard	MS=0	Foundation Tier, M6 Paper 1 (Non-Calculator)	https://ccea.org.uk/downloads/docs/Past-Papers/cleared/GCSE/GCSE%20Mathematics%20%282017%29/2025-November/Standard/0/GCSE-Mathematics%20-504-November2025-Foundation%20Tier%2C%20M6%20Paper%201%20%28Non-Calculator%29-Paper.pdf
2025	November	Standard	MS=0	Foundation Tier, M5 Paper 2 (With calculator)	https://ccea.org.uk/downloads/docs/Past-Papers/cleared/GCSE/GCSE%20Mathematics%20%282017%29/2025-November/Standard/0/GCSE-Mathematics%20-504-November2025-Foundation%20Tier%2C%20M5%20Paper%202%20%28With%20calculator%29-Paper.pdf
2025	November	Standard	MS=0	Higher Tier, M4 (With calculator)	https://ccea.org.uk/downloads/docs/Past-Papers/cleared/GCSE/GCSE%20Mathematics%20%282017%29/2025-November/Standard/0/GCSE-Mathematics%20-504-November2025-Higher%20Tier%2C%20M4%20%28With%20calculator%29-Paper.pdf
2025	November	Standard	MS=0	Foundation Tier, M2 (With calculator)	https://ccea.org.uk/downloads/docs/Past-Papers/cleared/GCSE/GCSE%20Mathematics%20%282017%29/2025-November/Standard/0/GCSE-Mathematics%20-504-November2025-Foundation%20Tier%2C%20M2%20%28With%20calculator%29-Paper.pdf
2025	November	Standard	MS=0	Higher Tier, M3 (With calculator)	https://ccea.org.uk/downloads/docs/Past-Papers/cleared/GCSE/GCSE%20Mathematics%20%282017%29/2025-November/Standard/0/GCSE-Mathematics%20-504-November2025-Higher%20Tier%2C%20M3%20%28With%20calculator%29-Paper.pdf
2025	November	Standard	MS=0	Foundation Tier, M1 (With calculator)	https://ccea.org.uk/downloads/docs/Past-Papers/cleared/GCSE/GCSE%20Mathematics%20%282017%29/2025-November/Standard/0/GCSE-Mathematics%20-504-November2025-Foundation%20Tier%2C%20M1%20%28With%20calculator%29-Paper.pdf
2025	Summer	Standard	MS=1	Higher Tier, M8: Paper 2 (With calculator)	https://ccea.org.uk/downloads/docs/Past-Papers/cleared/GCSE/GCSE%20Mathematics%20%282017%29/2025-Summer/Standard/0/GCSE-Mathematics%20-504-Summer2025-Higher%20Tier%2C%20M8%3A%20Paper%202%20%28With%20calculator%29-MS.pdf
2025	Summer	Standard	MS=1	Higher Tier, M8: Paper 1 (Non-Calculator)	https://ccea.org.uk/downloads/docs/Past-Papers/cleared/GCSE/GCSE%20Mathematics%20%282017%29/2025-Summer/Standard/0/GCSE-Mathematics%20-504-Summer2025-Higher%20Tier%2C%20M8%3A%20Paper%201%20%28Non-Calculator%29-MS.pdf
2025	Summer	Standard	MS=1	Higher Tier, M7: Paper 2 (With calculator)	https://ccea.org.uk/downloads/docs/Past-Papers/cleared/GCSE/GCSE%20Mathematics%20%282017%29/2025-Summer/Standard/0/GCSE-Mathematics%20-504-Summer2025-Higher%20Tier%2C%20M7%3A%20Paper%202%20%28With%20calculator%29-MS.pdf
2025	Summer	Standard	MS=1	Higher Tier, M7: Paper 1 (Non-Calculator	https://ccea.org.uk/downloads/docs/Past-Papers/cleared/GCSE/GCSE%20Mathematics%20%282017%29/2025-Summer/Standard/0/GCSE-Mathematics%20-504-Summer2025-Higher%20Tier%2C%20M7%3A%20Paper%201%20%28Non-Calculator-MS.pdf
2025	Summer	Standard	MS=1	Foundation Tier, M6: Paper 2 (With calculator)	https://ccea.org.uk/downloads/docs/Past-Papers/cleared/GCSE/GCSE%20Mathematics%20%282017%29/2025-Summer/Standard/0/GCSE-Mathematics%20-504-Summer2025-Foundation%20Tier%2C%20M6%3A%20Paper%202%20%28With%20calculator%29-MS.pdf
2025	Summer	Standard	MS=1	Foundation Tier, M6: Paper 1 (Non-Calculator)	https://ccea.org.uk/downloads/docs/Past-Papers/cleared/GCSE/GCSE%20Mathematics%20%282017%29/2025-Summer/Standard/0/GCSE-Mathematics%20-504-Summer2025-Foundation%20Tier%2C%20M6%3A%20Paper%201%20%28Non-Calculator%29-MS.pdf
2025	Summer	Standard	MS=1	Foundation Tier, M5: Paper 2 (With calculator)	https://ccea.org.uk/downloads/docs/Past-Papers/cleared/GCSE/GCSE%20Mathematics%20%282017%29/2025-Summer/Standard/0/GCSE-Mathematics%20-504-Summer2025-Foundation%20Tier%2C%20M5%3A%20Paper%202%20%28With%20calculator%29-MS.pdf
2025	Summer	Standard	MS=1	Foundation Tier, M5: Paper 1 (Non-Calculator)	https://ccea.org.uk/downloads/docs/Past-Papers/cleared/GCSE/GCSE%20Mathematics%20%282017%29/2025-Summer/Standard/0/GCSE-Mathematics%20-504-Summer2025-Foundation%20Tier%2C%20M5%3A%20Paper%201%20%28Non-Calculator%29-MS.pdf
2025	Summer	Standard	MS=1	Higher Tier, M4 (With calculator)	https://ccea.org.uk/downloads/docs/Past-Papers/cleared/GCSE/GCSE%20Mathematics%20%282017%29/2025-Summer/Standard/0/GCSE-Mathematics%20-504-Summer2025-Higher%20Tier%2C%20M4%20%28With%20calculator%29-MS.pdf
2025	Summer	Standard	MS=1	Higher Tier, M3 (With calculator)	https://ccea.org.uk/downloads/docs/Past-Papers/cleared/GCSE/GCSE%20Mathematics%20%282017%29/2025-Summer/Standard/0/GCSE-Mathematics%20-504-Summer2025-Higher%20Tier%2C%20M3%20%28With%20calculator%29-MS.pdf
2025	Summer	Standard	MS=1	Foundation Tier, M2 (With calculator)	https://ccea.org.uk/downloads/docs/Past-Papers/cleared/GCSE/GCSE%20Mathematics%20%282017%29/2025-Summer/Standard/0/GCSE-Mathematics%20-504-Summer2025-Foundation%20Tier%2C%20M2%20%28With%20calculator%29-MS.pdf
2025	Summer	Standard	MS=1	Foundation Tier, M1 (With calculator)	https://ccea.org.uk/downloads/docs/Past-Papers/cleared/GCSE/GCSE%20Mathematics%20%282017%29/2025-Summer/Standard/0/GCSE-Mathematics%20-504-Summer2025-Foundation%20Tier%2C%20M1%20%28With%20calculator%29-MS.pdf
2025	Summer	Modified	MS=0	Higher Tier, M4 (With calculator) (MV24)	https://ccea.org.uk/downloads/docs/Past-Papers/cleared/GCSE/GCSE%20Mathematics%20%282017%29/2025-Summer/Modified/0/GCSE-Mathematics%20-504-Summer2025-Higher%20Tier%2C%20M4%20%28With%20calculator%29%20%28MV24%29-Paper.pdf
2025	Summer	Modified	MS=0	Higher Tier, M4 (With calculator) (MV18)	https://ccea.org.uk/downloads/docs/Past-Papers/cleared/GCSE/GCSE%20Mathematics%20%282017%29/2025-Summer/Modified/0/GCSE-Mathematics%20-504-Summer2025-Higher%20Tier%2C%20M4%20%28With%20calculator%29%20%28MV18%29-Paper.pdf
2025	Summer	Modified	MS=0	Higher Tier, M3 (With calculator) (MV24-IM)	https://ccea.org.uk/downloads/docs/Past-Papers/cleared/GCSE/GCSE%20Mathematics%20%282017%29/2025-Summer/Modified/0/GCSE-Mathematics%20-504-Summer2025-Higher%20Tier%2C%20M3%20%28With%20calculator%29%20%28MV24-IM%29-Paper.pdf
2025	Summer	Modified	MS=0	Higher Tier, M3 (With calculator) (MV24)	https://ccea.org.uk/downloads/docs/Past-Papers/cleared/GCSE/GCSE%20Mathematics%20%282017%29/2025-Summer/Modified/0/GCSE-Mathematics%20-504-Summer2025-Higher%20Tier%2C%20M3%20%28With%20calculator%29%20%28MV24%29-Paper.pdf
2025	Summer	Modified	MS=0	Higher Tier, M3 (With calculator) (MV18)	https://ccea.org.uk/downloads/docs/Past-Papers/cleared/GCSE/GCSE%20Mathematics%20%282017%29/2025-Summer/Modified/0/GCSE-Mathematics%20-504-Summer2025-Higher%20Tier%2C%20M3%20%28With%20calculator%29%20%28MV18%29-Paper.pdf
2025	Summer	Modified	MS=0	Higher Tier, M8: Paper 2 (With calculator) (MV24)	https://ccea.org.uk/downloads/docs/Past-Papers/cleared/GCSE/GCSE%20Mathematics%20%282017%29/2025-Summer/Modified/0/GCSE-Mathematics%20-504-Summer2025-Higher%20Tier%2C%20M8%3A%20Paper%202%20%28With%20calculator%29%20%28MV24%29-Paper.pdf
2025	Summer	Modified	MS=0	Higher Tier, M8: Paper 2 (With calculator) (MV18)	https://ccea.org.uk/downloads/docs/Past-Papers/cleared/GCSE/GCSE%20Mathematics%20%282017%29/2025-Summer/Modified/0/GCSE-Mathematics%20-504-Summer2025-Higher%20Tier%2C%20M8%3A%20Paper%202%20%28With%20calculator%29%20%28MV18%29-Paper.pdf
2025	Summer	Modified	MS=0	Higher Tier, M8: Paper 1 (Non-Calculator) (MV24)	https://ccea.org.uk/downloads/docs/Past-Papers/cleared/GCSE/GCSE%20Mathematics%20%282017%29/2025-Summer/Modified/0/GCSE-Mathematics%20-504-Summer2025-Higher%20Tier%2C%20M8%3A%20Paper%201%20%28Non-Calculator%29%20%28MV24%29-Paper.pdf
2025	Summer	Modified	MS=0	Higher Tier, M8: Paper 1 (Non-Calculator) (MV18)	https://ccea.org.uk/downloads/docs/Past-Papers/cleared/GCSE/GCSE%20Mathematics%20%282017%29/2025-Summer/Modified/0/GCSE-Mathematics%20-504-Summer2025-Higher%20Tier%2C%20M8%3A%20Paper%201%20%28Non-Calculator%29%20%28MV18%29-Paper.pdf
2025	Summer	Modified	MS=0	Higher Tier, M7: Paper 2 (With calculator) (MV24)	https://ccea.org.uk/downloads/docs/Past-Papers/cleared/GCSE/GCSE%20Mathematics%20%282017%29/2025-Summer/Modified/0/GCSE-Mathematics%20-504-Summer2025-Higher%20Tier%2C%20M7%3A%20Paper%202%20%28With%20calculator%29%20%28MV24%29-Paper.pdf
2025	Summer	Modified	MS=0	Higher Tier, M7: Paper 2 (With calculator) (MV18)	https://ccea.org.uk/downloads/docs/Past-Papers/cleared/GCSE/GCSE%20Mathematics%20%282017%29/2025-Summer/Modified/0/GCSE-Mathematics%20-504-Summer2025-Higher%20Tier%2C%20M7%3A%20Paper%202%20%28With%20calculator%29%20%28MV18%29-Paper.pdf
2025	Summer	Modified	MS=0	Higher Tier, M7: Paper 1 (Non-Calculator (MV24)	https://ccea.org.uk/downloads/docs/Past-Papers/cleared/GCSE/GCSE%20Mathematics%20%282017%29/2025-Summer/Modified/0/GCSE-Mathematics%20-504-Summer2025-Higher%20Tier%2C%20M7%3A%20Paper%201%20%28Non-Calculator%20%28MV24%29-Paper.pdf
2025	Summer	Modified	MS=0	Higher Tier, M7: Paper 1 (Non-Calculator (MV18)	https://ccea.org.uk/downloads/docs/Past-Papers/cleared/GCSE/GCSE%20Mathematics%20%282017%29/2025-Summer/Modified/0/GCSE-Mathematics%20-504-Summer2025-Higher%20Tier%2C%20M7%3A%20Paper%201%20%28Non-Calculator%20%28MV18%29-Paper.pdf
2025	Summer	Modified	MS=0	Foundation Tier, M6: Paper 2 (With calculator) (MV24-IM)	https://ccea.org.uk/downloads/docs/Past-Papers/cleared/GCSE/GCSE%20Mathematics%20%282017%29/2025-Summer/Modified/0/GCSE-Mathematics%20-504-Summer2025-Foundation%20Tier%2C%20M6%3A%20Paper%202%20%28With%20calculator%29%20%28MV24-IM%29-Paper.pdf
2025	Summer	Modified	MS=0	Foundation Tier, M6: Paper 2 (With calculator) (MV24)	https://ccea.org.uk/downloads/docs/Past-Papers/cleared/GCSE/GCSE%20Mathematics%20%282017%29/2025-Summer/Modified/0/GCSE-Mathematics%20-504-Summer2025-Foundation%20Tier%2C%20M6%3A%20Paper%202%20%28With%20calculator%29%20%28MV24%29-Paper_0.pdf
2025	Summer	Modified	MS=0	Foundation Tier, M6: Paper 2 (With calculator) (MV18)	https://ccea.org.uk/downloads/docs/Past-Papers/cleared/GCSE/GCSE%20Mathematics%20%282017%29/2025-Summer/Modified/0/GCSE-Mathematics%20-504-Summer2025-Foundation%20Tier%2C%20M6%3A%20Paper%202%20%28With%20calculator%29%20%28MV18%29-Paper_0.pdf
2025	Summer	Modified	MS=0	Foundation Tier, M6: Paper 1 (Non-Calculator) (MV24-IM)	https://ccea.org.uk/downloads/docs/Past-Papers/cleared/GCSE/GCSE%20Mathematics%20%282017%29/2025-Summer/Modified/0/GCSE-Mathematics%20-504-Summer2025-Foundation%20Tier%2C%20M6%3A%20Paper%201%20%28Non-Calculator%29%20%28MV24-IM%29-Paper.pdf
2025	Summer	Modified	MS=0	Foundation Tier, M6: Paper 1 (Non-Calculator) (MV24)	https://ccea.org.uk/downloads/docs/Past-Papers/cleared/GCSE/GCSE%20Mathematics%20%282017%29/2025-Summer/Modified/0/GCSE-Mathematics%20-504-Summer2025-Foundation%20Tier%2C%20M6%3A%20Paper%201%20%28Non-Calculator%29%20%28MV24%29-Paper.pdf
2025	Summer	Modified	MS=0	Foundation Tier, M6: Paper 1 (Non-Calculator) (MV18)	https://ccea.org.uk/downloads/docs/Past-Papers/cleared/GCSE/GCSE%20Mathematics%20%282017%29/2025-Summer/Modified/0/GCSE-Mathematics%20-504-Summer2025-Foundation%20Tier%2C%20M6%3A%20Paper%201%20%28Non-Calculator%29%20%28MV18%29-Paper.pdf
2025	Summer	Modified	MS=0	Foundation Tier, M2 (With calculator) (MV24-IM)	https://ccea.org.uk/downloads/docs/Past-Papers/cleared/GCSE/GCSE%20Mathematics%20%282017%29/2025-Summer/Modified/0/GCSE-Mathematics%20-504-Summer2025-Foundation%20Tier%2C%20M2%20%28With%20calculator%29%20%28MV24-IM%29-Paper.pdf
2025	Summer	Modified	MS=0	Foundation Tier, M2 (With calculator) (MV24)	https://ccea.org.uk/downloads/docs/Past-Papers/cleared/GCSE/GCSE%20Mathematics%20%282017%29/2025-Summer/Modified/0/GCSE-Mathematics%20-504-Summer2025-Foundation%20Tier%2C%20M2%20%28With%20calculator%29%20%28MV24%29-Paper.pdf
2025	Summer	Modified	MS=0	Foundation Tier, M2 (With calculator) (MV18)	https://ccea.org.uk/downloads/docs/Past-Papers/cleared/GCSE/GCSE%20Mathematics%20%282017%29/2025-Summer/Modified/0/GCSE-Mathematics%20-504-Summer2025-Foundation%20Tier%2C%20M2%20%28With%20calculator%29%20%28MV18%29-Paper.pdf
2025	Summer	Modified	MS=0	Foundation Tier, M1 (With calculator) (MV24)	https://ccea.org.uk/downloads/docs/Past-Papers/cleared/GCSE/GCSE%20Mathematics%20%282017%29/2025-Summer/Modified/0/GCSE-Mathematics%20-504-Summer2025-Foundation%20Tier%2C%20M1%20%28With%20calculator%29%20%28MV24%29-Paper.pdf
2025	Summer	Modified	MS=0	Foundation Tier, M1 (With calculator) (MV18)	https://ccea.org.uk/downloads/docs/Past-Papers/cleared/GCSE/GCSE%20Mathematics%20%282017%29/2025-Summer/Modified/0/GCSE-Mathematics%20-504-Summer2025-Foundation%20Tier%2C%20M1%20%28With%20calculator%29%20%28MV18%29-Paper.pdf
2025	Summer	Irish Medium	MS=0	Higher Tier, M8: Paper 2 (With calculator)	https://ccea.org.uk/downloads/docs/Past-Papers/cleared/GCSE/GCSE%20Mathematics%20%282017%29/2025-Summer/Irish%20Medium/0/GCSE-Mathematics%20-504-Summer2025-Higher%20Tier%2C%20M8%3A%20Paper%202%20%28With%20calculator%29-Paper.pdf
2025	Summer	Irish Medium	MS=0	Higher Tier, M8: Paper 1 (Non-Calculator)	https://ccea.org.uk/downloads/docs/Past-Papers/cleared/GCSE/GCSE%20Mathematics%20%282017%29/2025-Summer/Irish%20Medium/0/GCSE-Mathematics%20-504-Summer2025-Higher%20Tier%2C%20M8%3A%20Paper%201%20%28Non-Calculator%29-Paper.pdf
2025	Summer	Irish Medium	MS=0	Higher Tier, M7: Paper 2 (With calculator)	https://ccea.org.uk/downloads/docs/Past-Papers/cleared/GCSE/GCSE%20Mathematics%20%282017%29/2025-Summer/Irish%20Medium/0/GCSE-Mathematics%20-504-Summer2025-Higher%20Tier%2C%20M7%3A%20Paper%202%20%28With%20calculator%29-Paper.pdf
2025	Summer	Irish Medium	MS=0	Higher Tier, M7: Paper 1 (Non-Calculator	https://ccea.org.uk/downloads/docs/Past-Papers/cleared/GCSE/GCSE%20Mathematics%20%282017%29/2025-Summer/Irish%20Medium/0/GCSE-Mathematics%20-504-Summer2025-Higher%20Tier%2C%20M7%3A%20Paper%201%20%28Non-Calculator-Paper.pdf
2025	Summer	Irish Medium	MS=0	Foundation Tier, M6: Paper 2 (With calculator)	https://ccea.org.uk/downloads/docs/Past-Papers/cleared/GCSE/GCSE%20Mathematics%20%282017%29/2025-Summer/Irish%20Medium/0/GCSE-Mathematics%20-504-Summer2025-Foundation%20Tier%2C%20M6%3A%20Paper%202%20%28With%20calculator%29-Paper.pdf
2025	Summer	Irish Medium	MS=0	Foundation Tier, M6: Paper 1 (Non-Calculator)	https://ccea.org.uk/downloads/docs/Past-Papers/cleared/GCSE/GCSE%20Mathematics%20%282017%29/2025-Summer/Irish%20Medium/0/GCSE-Mathematics%20-504-Summer2025-Foundation%20Tier%2C%20M6%3A%20Paper%201%20%28Non-Calculator%29-Paper.pdf
2025	Summer	Irish Medium	MS=0	Higher Tier, M4 (With calculator)	https://ccea.org.uk/downloads/docs/Past-Papers/cleared/GCSE/GCSE%20Mathematics%20%282017%29/2025-Summer/Irish%20Medium/0/GCSE-Mathematics%20-504-Summer2025-Higher%20Tier%2C%20M4%20%28With%20calculator%29-Paper.pdf
2025	Summer	Irish Medium	MS=0	Higher Tier, M3 (With calculator)	https://ccea.org.uk/downloads/docs/Past-Papers/cleared/GCSE/GCSE%20Mathematics%20%282017%29/2025-Summer/Irish%20Medium/0/GCSE-Mathematics%20-504-Summer2025-Higher%20Tier%2C%20M3%20%28With%20calculator%29-Paper.pdf
2025	Summer	Irish Medium	MS=0	Foundation Tier, M2 (With calculator)	https://ccea.org.uk/downloads/docs/Past-Papers/cleared/GCSE/GCSE%20Mathematics%20%282017%29/2025-Summer/Irish%20Medium/0/GCSE-Mathematics%20-504-Summer2025-Foundation%20Tier%2C%20M2%20%28With%20calculator%29-Paper.pdf
2025	Summer	Irish Medium	MS=0	Foundation Tier, M1 (With calculator)	https://ccea.org.uk/downloads/docs/Past-Papers/cleared/GCSE/GCSE%20Mathematics%20%282017%29/2025-Summer/Irish%20Medium/0/GCSE-Mathematics%20-504-Summer2025-Foundation%20Tier%2C%20M1%20%28With%20calculator%29-Paper.pdf
2025	Summer	Standard	MS=0	Higher Tier, M8: Paper 2 (With calculator)	https://ccea.org.uk/downloads/docs/Past-Papers/cleared/GCSE/GCSE%20Mathematics%20%282017%29/2025-Summer/Standard/0/GCSE-Mathematics%20-504-Summer2025-Higher%20Tier%2C%20M8%3A%20Paper%202%20%28With%20calculator%29-Paper.pdf
2025	Summer	Standard	MS=0	Higher Tier, M8: Paper 1 (Non-Calculator)	https://ccea.org.uk/downloads/docs/Past-Papers/cleared/GCSE/GCSE%20Mathematics%20%282017%29/2025-Summer/Standard/0/GCSE-Mathematics%20-504-Summer2025-Higher%20Tier%2C%20M8%3A%20Paper%201%20%28Non-Calculator%29-Paper.pdf
2025	Summer	Standard	MS=0	Higher Tier, M7: Paper 2 (With calculator)	https://ccea.org.uk/downloads/docs/Past-Papers/cleared/GCSE/GCSE%20Mathematics%20%282017%29/2025-Summer/Standard/0/GCSE-Mathematics%20-504-Summer2025-Higher%20Tier%2C%20M7%3A%20Paper%202%20%28With%20calculator%29-Paper.pdf
2025	Summer	Standard	MS=0	Higher Tier, M7: Paper 1 (Non-Calculator	https://ccea.org.uk/downloads/docs/Past-Papers/cleared/GCSE/GCSE%20Mathematics%20%282017%29/2025-Summer/Standard/0/GCSE-Mathematics%20-504-Summer2025-Higher%20Tier%2C%20M7%3A%20Paper%201%20%28Non-Calculator-Paper.pdf
2025	Summer	Standard	MS=0	Foundation Tier, M6: Paper 2 (With calculator)	https://ccea.org.uk/downloads/docs/Past-Papers/cleared/GCSE/GCSE%20Mathematics%20%282017%29/2025-Summer/Standard/0/GCSE-Mathematics%20-504-Summer2025-Foundation%20Tier%2C%20M6%3A%20Paper%202%20%28With%20calculator%29-Paper.pdf
2025	Summer	Standard	MS=0	Foundation Tier, M6: Paper 1 (Non-Calculator)	https://ccea.org.uk/downloads/docs/Past-Papers/cleared/GCSE/GCSE%20Mathematics%20%282017%29/2025-Summer/Standard/0/GCSE-Mathematics%20-504-Summer2025-Foundation%20Tier%2C%20M6%3A%20Paper%201%20%28Non-Calculator%29-Paper.pdf
2025	Summer	Standard	MS=0	Foundation Tier, M5: Paper 2 (With calculator)	https://ccea.org.uk/downloads/docs/Past-Papers/cleared/GCSE/GCSE%20Mathematics%20%282017%29/2025-Summer/Standard/0/GCSE-Mathematics%20-504-Summer2025-Foundation%20Tier%2C%20M5%3A%20Paper%202%20%28With%20calculator%29-Paper.pdf
2025	Summer	Standard	MS=0	Foundation Tier, M5: Paper 1 (Non-Calculator)	https://ccea.org.uk/downloads/docs/Past-Papers/cleared/GCSE/GCSE%20Mathematics%20%282017%29/2025-Summer/Standard/0/GCSE-Mathematics%20-504-Summer2025-Foundation%20Tier%2C%20M5%3A%20Paper%201%20%28Non-Calculator%29-Paper.pdf
2025	Summer	Standard	MS=0	Higher Tier, M4 (With calculator)	https://ccea.org.uk/downloads/docs/Past-Papers/cleared/GCSE/GCSE%20Mathematics%20%282017%29/2025-Summer/Standard/0/GCSE-Mathematics%20-504-Summer2025-Higher%20Tier%2C%20M4%20%28With%20calculator%29-Paper.pdf
2025	Summer	Standard	MS=0	Higher Tier, M3 (With calculator)	https://ccea.org.uk/downloads/docs/Past-Papers/cleared/GCSE/GCSE%20Mathematics%20%282017%29/2025-Summer/Standard/0/GCSE-Mathematics%20-504-Summer2025-Higher%20Tier%2C%20M3%20%28With%20calculator%29-Paper.pdf
2025	Summer	Standard	MS=0	Foundation Tier, M2 (With calculator)	https://ccea.org.uk/downloads/docs/Past-Papers/cleared/GCSE/GCSE%20Mathematics%20%282017%29/2025-Summer/Standard/0/GCSE-Mathematics%20-504-Summer2025-Foundation%20Tier%2C%20M2%20%28With%20calculator%29-Paper.pdf
2025	Summer	Standard	MS=0	Foundation Tier, M1 (With calculator)	https://ccea.org.uk/downloads/docs/Past-Papers/cleared/GCSE/GCSE%20Mathematics%20%282017%29/2025-Summer/Standard/0/GCSE-Mathematics%20-504-Summer2025-Foundation%20Tier%2C%20M1%20%28With%20calculator%29-Paper.pdf
2023	November	Modified	MS=0	Higher Tier, M7: Paper 1 (Non-Calculator) (MV24)	https://ccea.org.uk/downloads/docs/Past-Papers/cleared/GCSE/GCSE%20Mathematics%20%282017%29/2023-November/Modified/0/GCSE-Mathematics%20-504-November2023-Higher%20Tier%2C%20M7%3A%20Paper%201%20%28Non-Calculator%29%20%28MV24%29-Paper.pdf
2023	November	Modified	MS=0	Higher Tier, M7: Paper 1 (Non-Calculator) (MV18)	https://ccea.org.uk/downloads/docs/Past-Papers/cleared/GCSE/GCSE%20Mathematics%20%282017%29/2023-November/Modified/0/GCSE-Mathematics%20-504-November2023-Higher%20Tier%2C%20M7%3A%20Paper%201%20%28Non-Calculator%29%20%28MV18%29-Paper.pdf
2023	November	Modified	MS=0	Foundation Tier, M6: Paper 2 (With calculator) (MV24)	https://ccea.org.uk/downloads/docs/Past-Papers/cleared/GCSE/GCSE%20Mathematics%20%282017%29/2023-November/Modified/0/GCSE-Mathematics%20-504-November2023-Foundation%20Tier%2C%20M6%3A%20Paper%202%20%28With%20calculator%29%20%28MV24%29-Paper.pdf
2024	November	Standard	MS=1	Higher Tier, M8: Paper 2 (With calculator) 	https://ccea.org.uk/downloads/docs/Past-Papers/cleared/GCSE/GCSE%20Mathematics%20%282017%29/2024-November/Standard/0/GCSE-Mathematics%20-504-November2024-Higher%20Tier%2C%20M8%3A%20Paper%202%20%28With%20calculator%29%20-MS.pdf
2024	November	Standard	MS=1	Higher Tier, M8: Paper 1 (Non-calculator)	https://ccea.org.uk/downloads/docs/Past-Papers/cleared/GCSE/GCSE%20Mathematics%20%282017%29/2024-November/Standard/0/GCSE-Mathematics%20-504-November2024-Higher%20Tier%2C%20M8%3A%20Paper%201%20%28Non-calculator%29-MS.pdf
2024	November	Standard	MS=1	Higher Tier, M7: Paper 2 (With calculator)	https://ccea.org.uk/downloads/docs/Past-Papers/cleared/GCSE/GCSE%20Mathematics%20%282017%29/2024-November/Standard/0/GCSE-Mathematics%20-504-November2024-Higher%20Tier%2C%20M7%3A%20Paper%202%20%28With%20calculator%29-MS.pdf
2024	November	Standard	MS=1	Higher Tier, M7: Paper 1 (Non-calculator)  	https://ccea.org.uk/downloads/docs/Past-Papers/cleared/GCSE/GCSE%20Mathematics%20%282017%29/2024-November/Standard/0/GCSE-Mathematics%20-504-November2024-Higher%20Tier%2C%20M7%3A%20Paper%201%20%28Non-calculator%29%20%20-MS.pdf
2024	November	Standard	MS=1	Foundation Tier, M6: Paper 2 (With calculator)	https://ccea.org.uk/downloads/docs/Past-Papers/cleared/GCSE/GCSE%20Mathematics%20%282017%29/2024-November/Standard/0/GCSE-Mathematics%20-504-November2024-Foundation%20Tier%2C%20M6%3A%20Paper%202%20%28With%20calculator%29-MS.pdf
2024	November	Standard	MS=1	Foundation Tier, M6: Paper 1 (Non-calculator) 	https://ccea.org.uk/downloads/docs/Past-Papers/cleared/GCSE/GCSE%20Mathematics%20%282017%29/2024-November/Standard/0/GCSE-Mathematics%20-504-November2024-Foundation%20Tier%2C%20M6%3A%20Paper%201%20%28Non-calculator%29%20-MS.pdf
2024	November	Standard	MS=1	Foundation Tier, M5: Paper 2 (With calculator)	https://ccea.org.uk/downloads/docs/Past-Papers/cleared/GCSE/GCSE%20Mathematics%20%282017%29/2024-November/Standard/0/GCSE-Mathematics%20-504-November2024-Foundation%20Tier%2C%20M5%3A%20Paper%202%20%28With%20calculator%29-MS.pdf
2024	November	Standard	MS=1	Foundation Tier, M5: Paper 1 (Non-Calculator)	https://ccea.org.uk/downloads/docs/Past-Papers/cleared/GCSE/GCSE%20Mathematics%20%282017%29/2024-November/Standard/0/GCSE-Mathematics%20-504-November2024-Foundation%20Tier%2C%20M5%3A%20Paper%201%20%28Non-Calculator%29-MS.pdf
2024	November	Standard	MS=1	Higher Tier, M4: (With calculator)	https://ccea.org.uk/downloads/docs/Past-Papers/cleared/GCSE/GCSE%20Mathematics%20%282017%29/2024-November/Standard/0/GCSE-Mathematics%20-504-November2024-Higher%20Tier%2C%20M4%3A%20%28With%20calculator%29-MS.pdf
2024	November	Standard	MS=1	Higher Tier, M3: (With calculator)	https://ccea.org.uk/downloads/docs/Past-Papers/cleared/GCSE/GCSE%20Mathematics%20%282017%29/2024-November/Standard/0/GCSE-Mathematics%20-504-November2024-Higher%20Tier%2C%20M3%3A%20%28With%20calculator%29-MS.pdf
2024	November	Standard	MS=1	Foundation Tier, M2: (With calculator) 	https://ccea.org.uk/downloads/docs/Past-Papers/cleared/GCSE/GCSE%20Mathematics%20%282017%29/2024-November/Standard/0/GCSE-Mathematics%20-504-November2024-Foundation%20Tier%2C%20M2%3A%20%28With%20calculator%29%20-MS.pdf
2024	November	Standard	MS=1	Foundation Tier, M1 (With calculator)	https://ccea.org.uk/downloads/docs/Past-Papers/cleared/GCSE/GCSE%20Mathematics%20%282017%29/2024-November/Standard/0/GCSE-Mathematics%20-504-November2024-Foundation%20Tier%2C%20M1%20%28With%20calculator%29-MS.pdf
2023	Summer	Irish Medium	MS=0	Higher Tier, M8: Paper 2 (With calculator) 	https://ccea.org.uk/downloads/docs/Past-Papers/cleared/GCSE/GCSE%20Mathematics%20%282017%29/2023-Summer/Irish%20Medium/0/GCSE-Mathematics%20-504-Summer2023-Higher%20Tier%2C%20M8%3A%20Paper%202%20%28With%20calculator%29%20-Paper_0.pdf
2024	November	Modified	MS=0	Higher Tier, M8: Paper 2 (With calculator) (MV24)	https://ccea.org.uk/downloads/docs/Past-Papers/cleared/GCSE/GCSE%20Mathematics%20%282017%29/2024-November/Modified/0/GCSE-Mathematics%20-504-November2024-Higher%20Tier%2C%20M8%3A%20Paper%202%20%28With%20calculator%29%20%28MV24%29-Paper.pdf
2024	November	Modified	MS=0	Higher Tier, M8: Paper 1 (Non-calculator) (MV24)	https://ccea.org.uk/downloads/docs/Past-Papers/cleared/GCSE/GCSE%20Mathematics%20%282017%29/2024-November/Modified/0/GCSE-Mathematics%20-504-November2024-Higher%20Tier%2C%20M8%3A%20Paper%201%20%28Non-calculator%29%20%28MV24%29-Paper.pdf
2024	November	Modified	MS=0	Higher Tier, M7: Paper 2 (With calculator) (MV24)	https://ccea.org.uk/downloads/docs/Past-Papers/cleared/GCSE/GCSE%20Mathematics%20%282017%29/2024-November/Modified/0/GCSE-Mathematics%20-504-November2024-Higher%20Tier%2C%20M7%3A%20Paper%202%20%28With%20calculator%29%20%28MV24%29-Paper_0.pdf
2024	November	Modified	MS=0	Higher Tier, M7: Paper 1 (Non-calculator)  (MV24)	https://ccea.org.uk/downloads/docs/Past-Papers/cleared/GCSE/GCSE%20Mathematics%20%282017%29/2024-November/Modified/0/GCSE-Mathematics%20-504-November2024-Higher%20Tier%2C%20M7%3A%20Paper%201%20%28Non-calculator%29%20%20%28MV24%29-Paper.pdf
2024	November	Modified	MS=0	Higher Tier, M8: Paper 2 (With calculator) (MV18)	https://ccea.org.uk/downloads/docs/Past-Papers/cleared/GCSE/GCSE%20Mathematics%20%282017%29/2024-November/Modified/0/GCSE-Mathematics%20-504-November2024-Higher%20Tier%2C%20M8%3A%20Paper%202%20%28With%20calculator%29%20%28MV18%29-Paper.pdf
2024	November	Modified	MS=0	Higher Tier, M8: Paper 1 (Non-calculator) (MV18)	https://ccea.org.uk/downloads/docs/Past-Papers/cleared/GCSE/GCSE%20Mathematics%20%282017%29/2024-November/Modified/0/GCSE-Mathematics%20-504-November2024-Higher%20Tier%2C%20M8%3A%20Paper%201%20%28Non-calculator%29%20%28MV18%29-Paper.pdf
2024	November	Modified	MS=0	Higher Tier, M7: Paper 2 (With calculator) (MV18)	https://ccea.org.uk/downloads/docs/Past-Papers/cleared/GCSE/GCSE%20Mathematics%20%282017%29/2024-November/Modified/0/GCSE-Mathematics%20-504-November2024-Higher%20Tier%2C%20M7%3A%20Paper%202%20%28With%20calculator%29%20%28MV18%29-Paper.pdf
2024	November	Modified	MS=0	Higher Tier, M7: Paper 1 (Non-calculator)  (MV18)	https://ccea.org.uk/downloads/docs/Past-Papers/cleared/GCSE/GCSE%20Mathematics%20%282017%29/2024-November/Modified/0/GCSE-Mathematics%20-504-November2024-Higher%20Tier%2C%20M7%3A%20Paper%201%20%28Non-calculator%29%20%20%28MV18%29-Paper.pdf
2024	November	Modified	MS=0	Foundation Tier, M6: Paper 2 (With calculator) (MV24-IM)	https://ccea.org.uk/downloads/docs/Past-Papers/cleared/GCSE/GCSE%20Mathematics%20%282017%29/2024-November/Modified/0/GCSE-Mathematics%20-504-November2024-Foundation%20Tier%2C%20M6%3A%20Paper%202%20%28With%20calculator%29%20%28MV24-IM%29-Paper.pdf
2024	November	Modified	MS=0	Foundation Tier, M6: Paper 2 (With calculator) (MV24)	https://ccea.org.uk/downloads/docs/Past-Papers/cleared/GCSE/GCSE%20Mathematics%20%282017%29/2024-November/Modified/0/GCSE-Mathematics%20-504-November2024-Foundation%20Tier%2C%20M6%3A%20Paper%202%20%28With%20calculator%29%20%28MV24%29-Paper.pdf
2024	November	Modified	MS=0	Foundation Tier, M6: Paper 2 (With calculator) (MV18)	https://ccea.org.uk/downloads/docs/Past-Papers/cleared/GCSE/GCSE%20Mathematics%20%282017%29/2024-November/Modified/0/GCSE-Mathematics%20-504-November2024-Foundation%20Tier%2C%20M6%3A%20Paper%202%20%28With%20calculator%29%20%28MV18%29-Paper.pdf
2024	November	Modified	MS=0	Foundation Tier, M6: Paper 1 (Non-calculator) (MV24-IM)	https://ccea.org.uk/downloads/docs/Past-Papers/cleared/GCSE/GCSE%20Mathematics%20%282017%29/2024-November/Modified/0/GCSE-Mathematics%20-504-November2024-Foundation%20Tier%2C%20M6%3A%20Paper%201%20%28Non-calculator%29%20%28MV24-IM%29-Paper.pdf
2024	November	Modified	MS=0	Foundation Tier, M6: Paper 1 (Non-calculator) (MV24)	https://ccea.org.uk/downloads/docs/Past-Papers/cleared/GCSE/GCSE%20Mathematics%20%282017%29/2024-November/Modified/0/GCSE-Mathematics%20-504-November2024-Foundation%20Tier%2C%20M6%3A%20Paper%201%20%28Non-calculator%29%20%28MV24%29-Paper.pdf
2024	November	Modified	MS=0	Foundation Tier, M6: Paper 1 (Non-calculator) (MV18)	https://ccea.org.uk/downloads/docs/Past-Papers/cleared/GCSE/GCSE%20Mathematics%20%282017%29/2024-November/Modified/0/GCSE-Mathematics%20-504-November2024-Foundation%20Tier%2C%20M6%3A%20Paper%201%20%28Non-calculator%29%20%28MV18%29-Paper.pdf
2024	November	Modified	MS=0	Foundation Tier, M5: Paper 2 (With calculator) (MV18)	https://ccea.org.uk/downloads/docs/Past-Papers/cleared/GCSE/GCSE%20Mathematics%20%282017%29/2024-November/Modified/0/GCSE-Mathematics%20-504-November2024-Foundation%20Tier%2C%20M5%3A%20Paper%202%20%28With%20calculator%29%20%28MV18%29-Paper.pdf
2024	November	Modified	MS=0	Foundation Tier, M5: Paper 2 (With calculator) (MV24)	https://ccea.org.uk/downloads/docs/Past-Papers/cleared/GCSE/GCSE%20Mathematics%20%282017%29/2024-November/Modified/0/GCSE-Mathematics%20-504-November2024-Foundation%20Tier%2C%20M5%3A%20Paper%202%20%28With%20calculator%29%20%28MV24%29-Paper.pdf
2024	November	Modified	MS=0	Foundation Tier, M5: Paper 1 (Non-Calculator) (MV24)	https://ccea.org.uk/downloads/docs/Past-Papers/cleared/GCSE/GCSE%20Mathematics%20%282017%29/2024-November/Modified/0/GCSE-Mathematics%20-504-November2024-Foundation%20Tier%2C%20M5%3A%20Paper%201%20%28Non-Calculator%29%20%28MV24%29-Paper.pdf
2024	November	Modified	MS=0	Foundation Tier, M5: Paper 1 (Non-Calculator) (MV18)	https://ccea.org.uk/downloads/docs/Past-Papers/cleared/GCSE/GCSE%20Mathematics%20%282017%29/2024-November/Modified/0/GCSE-Mathematics%20-504-November2024-Foundation%20Tier%2C%20M5%3A%20Paper%201%20%28Non-Calculator%29%20%28MV18%29-Paper.pdf
2024	November	Modified	MS=0	Higher Tier, M4: (With calculator) (MV24)	https://ccea.org.uk/downloads/docs/Past-Papers/cleared/GCSE/GCSE%20Mathematics%20%282017%29/2024-November/Modified/0/GCSE-Mathematics%20-504-November2024-Higher%20Tier%2C%20M4%3A%20%28With%20calculator%29%20%28MV24%29-Paper.pdf
2024	November	Modified	MS=0	Higher Tier, M4: (With calculator) (MV18)	https://ccea.org.uk/downloads/docs/Past-Papers/cleared/GCSE/GCSE%20Mathematics%20%282017%29/2024-November/Modified/0/GCSE-Mathematics%20-504-November2024-Higher%20Tier%2C%20M4%3A%20%28With%20calculator%29%20%28MV18%29-Paper.pdf
2024	November	Modified	MS=0	Higher Tier, M3: (With calculator) (MV24)	https://ccea.org.uk/downloads/docs/Past-Papers/cleared/GCSE/GCSE%20Mathematics%20%282017%29/2024-November/Modified/0/GCSE-Mathematics%20-504-November2024-Higher%20Tier%2C%20M3%3A%20%28With%20calculator%29%20%28MV24%29-Paper.pdf
2024	November	Modified	MS=0	Higher Tier, M3: (With calculator) (MV18)	https://ccea.org.uk/downloads/docs/Past-Papers/cleared/GCSE/GCSE%20Mathematics%20%282017%29/2024-November/Modified/0/GCSE-Mathematics%20-504-November2024-Higher%20Tier%2C%20M3%3A%20%28With%20calculator%29%20%28MV18%29-Paper.pdf
2024	November	Modified	MS=0	Foundation Tier, M2: (With calculator) (MV18)	https://ccea.org.uk/downloads/docs/Past-Papers/cleared/GCSE/GCSE%20Mathematics%20%282017%29/2024-November/Modified/0/GCSE-Mathematics%20-504-November2024-Foundation%20Tier%2C%20M2%3A%20%28With%20calculator%29%20%28MV18%29-Paper.pdf
2024	November	Modified	MS=0	Foundation Tier, M2: (With calculator) (MV24)	https://ccea.org.uk/downloads/docs/Past-Papers/cleared/GCSE/GCSE%20Mathematics%20%282017%29/2024-November/Modified/0/GCSE-Mathematics%20-504-November2024-Foundation%20Tier%2C%20M2%3A%20%28With%20calculator%29%20%28MV24%29-Paper.pdf
2024	November	Modified	MS=0	Foundation Tier, M1 (With calculator) (MV24)	https://ccea.org.uk/downloads/docs/Past-Papers/cleared/GCSE/GCSE%20Mathematics%20%282017%29/2024-November/Modified/0/GCSE-Mathematics%20-504-November2024-Foundation%20Tier%2C%20M1%20%28With%20calculator%29%20%28MV24%29-Paper.pdf
2024	November	Modified	MS=0	Foundation Tier, M1 (With calculator) (MV18)	https://ccea.org.uk/downloads/docs/Past-Papers/cleared/GCSE/GCSE%20Mathematics%20%282017%29/2024-November/Modified/0/GCSE-Mathematics%20-504-November2024-Foundation%20Tier%2C%20M1%20%28With%20calculator%29%20%28MV18%29-Paper.pdf
2024	November	Irish Medium	MS=0	Higher Tier, M8: Paper 2 (With calculator) 	https://ccea.org.uk/downloads/docs/Past-Papers/cleared/GCSE/GCSE%20Mathematics%20%282017%29/2024-November/Irish%20Medium/0/GCSE-Mathematics%20-504-November2024-Higher%20Tier%2C%20M8%3A%20Paper%202%20%28With%20calculator%29%20-Paper.pdf
2024	November	Irish Medium	MS=0	Higher Tier, M8: Paper 1 (Non-calculator)	https://ccea.org.uk/downloads/docs/Past-Papers/cleared/GCSE/GCSE%20Mathematics%20%282017%29/2024-November/Irish%20Medium/0/GCSE-Mathematics%20-504-November2024-Higher%20Tier%2C%20M8%3A%20Paper%201%20%28Non-calculator%29-Paper.pdf
2024	November	Irish Medium	MS=0	Higher Tier, M7: Paper 2 (With calculator)	https://ccea.org.uk/downloads/docs/Past-Papers/cleared/GCSE/GCSE%20Mathematics%20%282017%29/2024-November/Irish%20Medium/0/GCSE-Mathematics%20-504-November2024-Higher%20Tier%2C%20M7%3A%20Paper%202%20%28With%20calculator%29-Paper.pdf
2024	November	Irish Medium	MS=0	Higher Tier, M7: Paper 1 (Non-calculator)  	https://ccea.org.uk/downloads/docs/Past-Papers/cleared/GCSE/GCSE%20Mathematics%20%282017%29/2024-November/Irish%20Medium/0/GCSE-Mathematics%20-504-November2024-Higher%20Tier%2C%20M7%3A%20Paper%201%20%28Non-calculator%29%20%20-Paper.pdf
2024	November	Irish Medium	MS=0	Foundation Tier, M6: Paper 2 (With calculator)	https://ccea.org.uk/downloads/docs/Past-Papers/cleared/GCSE/GCSE%20Mathematics%20%282017%29/2024-November/Irish%20Medium/0/GCSE-Mathematics%20-504-November2024-Foundation%20Tier%2C%20M6%3A%20Paper%202%20%28With%20calculator%29-Paper.pdf
2024	November	Irish Medium	MS=0	Foundation Tier, M6: Paper 1 (Non-calculator) 	https://ccea.org.uk/downloads/docs/Past-Papers/cleared/GCSE/GCSE%20Mathematics%20%282017%29/2024-November/Irish%20Medium/0/GCSE-Mathematics%20-504-November2024-Foundation%20Tier%2C%20M6%3A%20Paper%201%20%28Non-calculator%29%20-Paper.pdf
2024	November	Irish Medium	MS=0	Higher Tier, M4: (With calculator)	https://ccea.org.uk/downloads/docs/Past-Papers/cleared/GCSE/GCSE%20Mathematics%20%282017%29/2024-November/Irish%20Medium/0/GCSE-Mathematics%20-504-November2024-Higher%20Tier%2C%20M4%3A%20%28With%20calculator%29-Paper.pdf
2024	November	Irish Medium	MS=0	Higher Tier, M3: (With calculator)	https://ccea.org.uk/downloads/docs/Past-Papers/cleared/GCSE/GCSE%20Mathematics%20%282017%29/2024-November/Irish%20Medium/0/GCSE-Mathematics%20-504-November2024-Higher%20Tier%2C%20M3%3A%20%28With%20calculator%29-Paper.pdf
2024	November	Irish Medium	MS=0	Foundation Tier, M2:  (With calcuator)	https://ccea.org.uk/downloads/docs/Past-Papers/cleared/GCSE/GCSE%20Mathematics%20%282017%29/2024-November/Irish%20Medium/0/GCSE-Mathematics%20-504-November2024-Foundation%20Tier%2C%20M2%3A%20%20%28With%20calcuator%29-Paper.pdf
2023	Summer	Modified	MS=0	Foundation Tier, M5: Paper 2 (With calculator) (MV18)	https://ccea.org.uk/downloads/docs/Past-Papers/cleared/GCSE/GCSE%20Mathematics%20%282017%29/2023-Summer/Modified/0/GCSE-Mathematics%20-504-Summer2023-Foundation%20Tier%2C%20M5%3A%20Paper%202%20%28With%20calculator%29%20%28MV18%29-Paper.pdf
2023	Summer	Modified	MS=0	Foundation Tier, M6: Paper 2 (With calculator) (MEP62)	https://ccea.org.uk/downloads/docs/Past-Papers/cleared/GCSE/GCSE%20Mathematics%20%282017%29/2023-Summer/Modified/0/GCSE-Mathematics%20-504-Summer2023-Foundation%20Tier%2C%20M6%3A%20Paper%202%20%28With%20calculator%29%20%28MEP62%29-Paper.pdf
2023	Summer	Modified	MS=0	Foundation Tier, M6: Paper 2 (With calculator) (ML)	https://ccea.org.uk/downloads/docs/Past-Papers/cleared/GCSE/GCSE%20Mathematics%20%282017%29/2023-Summer/Modified/0/GCSE-Mathematics%20-504-Summer2023-Foundation%20Tier%2C%20M6%3A%20Paper%202%20%28With%20calculator%29%20%28ML%29-Paper.pdf
2023	Summer	Modified	MS=0	Foundation Tier, M6: Paper 2 (With calculator) (MV24)	https://ccea.org.uk/downloads/docs/Past-Papers/cleared/GCSE/GCSE%20Mathematics%20%282017%29/2023-Summer/Modified/0/GCSE-Mathematics%20-504-Summer2023-Foundation%20Tier%2C%20M6%3A%20Paper%202%20%28With%20calculator%29%20%28MV24%29-Paper.pdf
2023	Summer	Modified	MS=0	Foundation Tier, M6: Paper 2 (With calculator) (MV18)	https://ccea.org.uk/downloads/docs/Past-Papers/cleared/GCSE/GCSE%20Mathematics%20%282017%29/2023-Summer/Modified/0/GCSE-Mathematics%20-504-Summer2023-Foundation%20Tier%2C%20M6%3A%20Paper%202%20%28With%20calculator%29%20%28MV18%29-Paper.pdf
2024	November	Standard	MS=0	Higher Tier, M8: Paper 2 (With calculator) 	https://ccea.org.uk/downloads/docs/Past-Papers/cleared/GCSE/GCSE%20Mathematics%20%282017%29/2024-November/Standard/0/GCSE-Mathematics%20-504-November2024-Higher%20Tier%2C%20M8%3A%20Paper%202%20%28With%20calculator%29%20-Paper.pdf
2024	November	Standard	MS=0	Higher Tier, M8: Paper 1 (Non-calculator)	https://ccea.org.uk/downloads/docs/Past-Papers/cleared/GCSE/GCSE%20Mathematics%20%282017%29/2024-November/Standard/0/GCSE-Mathematics%20-504-November2024-Higher%20Tier%2C%20M8%3A%20Paper%201%20%28Non-calculator%29-Paper.pdf
2024	November	Standard	MS=0	Higher Tier, M7: Paper 2 (With calculator)	https://ccea.org.uk/downloads/docs/Past-Papers/cleared/GCSE/GCSE%20Mathematics%20%282017%29/2024-November/Standard/0/GCSE-Mathematics%20-504-November2024-Higher%20Tier%2C%20M7%3A%20Paper%202%20%28With%20calculator%29-Paper.pdf
2024	November	Standard	MS=0	Higher Tier, M7: Paper 1 (Non-calculator)  	https://ccea.org.uk/downloads/docs/Past-Papers/cleared/GCSE/GCSE%20Mathematics%20%282017%29/2024-November/Standard/0/GCSE-Mathematics%20-504-November2024-Higher%20Tier%2C%20M7%3A%20Paper%201%20%28Non-calculator%29%20%20-Paper.pdf
2024	November	Standard	MS=0	Foundation Tier, M6: Paper 2 (With calculator)	https://ccea.org.uk/downloads/docs/Past-Papers/cleared/GCSE/GCSE%20Mathematics%20%282017%29/2024-November/Standard/0/GCSE-Mathematics%20-504-November2024-Foundation%20Tier%2C%20M6%3A%20Paper%202%20%28With%20calculator%29-Paper.pdf
2024	November	Standard	MS=0	Foundation Tier, M6: Paper 1 (Non-calculator) 	https://ccea.org.uk/downloads/docs/Past-Papers/cleared/GCSE/GCSE%20Mathematics%20%282017%29/2024-November/Standard/0/GCSE-Mathematics%20-504-November2024-Foundation%20Tier%2C%20M6%3A%20Paper%201%20%28Non-calculator%29%20-Paper.pdf
2024	November	Standard	MS=0	Foundation Tier, M5: Paper 1 (Non-Calculator)	https://ccea.org.uk/downloads/docs/Past-Papers/cleared/GCSE/GCSE%20Mathematics%20%282017%29/2024-November/Standard/0/GCSE-Mathematics%20-504-November2024-Foundation%20Tier%2C%20M5%3A%20Paper%201%20%28Non-Calculator%29-Paper.pdf
2024	November	Standard	MS=0	Foundation Tier, M5: Paper 2 (With calculator)	https://ccea.org.uk/downloads/docs/Past-Papers/cleared/GCSE/GCSE%20Mathematics%20%282017%29/2024-November/Standard/0/GCSE-Mathematics%20-504-November2024-Foundation%20Tier%2C%20M5%3A%20Paper%202%20%28With%20calculator%29-Paper.pdf
2024	November	Standard	MS=0	Higher Tier, M4: (With calculator)	https://ccea.org.uk/downloads/docs/Past-Papers/cleared/GCSE/GCSE%20Mathematics%20%282017%29/2024-November/Standard/0/GCSE-Mathematics%20-504-November2024-Higher%20Tier%2C%20M4%3A%20%28With%20calculator%29-Paper.pdf
2024	November	Standard	MS=0	Higher Tier, M3: (With calculator)	https://ccea.org.uk/downloads/docs/Past-Papers/cleared/GCSE/GCSE%20Mathematics%20%282017%29/2024-November/Standard/0/GCSE-Mathematics%20-504-November2024-Higher%20Tier%2C%20M3%3A%20%28With%20calculator%29-Paper.pdf
2024	November	Standard	MS=0	Foundation Tier, M2: (With calculator) 	https://ccea.org.uk/downloads/docs/Past-Papers/cleared/GCSE/GCSE%20Mathematics%20%282017%29/2024-November/Standard/0/GCSE-Mathematics%20-504-November2024-Foundation%20Tier%2C%20M2%3A%20%28With%20calculator%29%20-Paper.pdf
2024	November	Standard	MS=0	Foundation Tier, M1 (With calculator)	https://ccea.org.uk/downloads/docs/Past-Papers/cleared/GCSE/GCSE%20Mathematics%20%282017%29/2024-November/Standard/0/GCSE-Mathematics%20-504-November2024-Foundation%20Tier%2C%20M1%20%28With%20calculator%29-Paper.pdf
2022	November	Irish Medium	MS=0	Higher Tier, M8: Paper 2 (With calculator) 	https://ccea.org.uk/downloads/docs/Past-Papers/cleared/GCSE/GCSE%20Mathematics%20%282017%29/2022-November/Irish%20Medium/0/GCSE-Mathematics%20-504-November2022-Higher%20Tier%2C%20M8%3A%20Paper%202%20%28With%20calculator%29%20-Paper.pdf
2022	November	Irish Medium	MS=0	Higher Tier, M8: Paper 1 (Non-calculator)	https://ccea.org.uk/downloads/docs/Past-Papers/cleared/GCSE/GCSE%20Mathematics%20%282017%29/2022-November/Irish%20Medium/0/GCSE-Mathematics%20-504-November2022-Higher%20Tier%2C%20M8%3A%20Paper%201%20%28Non-calculator%29-Paper.pdf
2022	November	Irish Medium	MS=0	Higher Tier, M7: Paper 1 (Non-calculator)  	https://ccea.org.uk/downloads/docs/Past-Papers/cleared/GCSE/GCSE%20Mathematics%20%282017%29/2022-November/Irish%20Medium/0/GCSE-Mathematics%20-504-November2022-Higher%20Tier%2C%20M7%3A%20Paper%201%20%28Non-calculator%29%20%20-Paper.pdf
2022	November	Irish Medium	MS=0	Foundation Tier, M5: Paper 2 (With calculator)	https://ccea.org.uk/downloads/docs/Past-Papers/cleared/GCSE/GCSE%20Mathematics%20%282017%29/2022-November/Irish%20Medium/0/GCSE-Mathematics%20-504-November2022-Foundation%20Tier%2C%20M5%3A%20Paper%202%20%28With%20calculator%29-Paper.pdf
2022	November	Irish Medium	MS=0	Foundation Tier, M5: Paper 1 (Non-Calculator)	https://ccea.org.uk/downloads/docs/Past-Papers/cleared/GCSE/GCSE%20Mathematics%20%282017%29/2022-November/Irish%20Medium/0/GCSE-Mathematics%20-504-November2022-Foundation%20Tier%2C%20M5%3A%20Paper%201%20%28Non-Calculator%29-Paper.pdf
2022	November	Irish Medium	MS=0	Higher Tier, M4: (With calculator)	https://ccea.org.uk/downloads/docs/Past-Papers/cleared/GCSE/GCSE%20Mathematics%20%282017%29/2022-November/Irish%20Medium/0/GCSE-Mathematics%20-504-November2022-Higher%20Tier%2C%20M4%3A%20%28With%20calculator%29-Paper.pdf
2022	November	Irish Medium	MS=0	Higher Tier, M3: (With calculator)	https://ccea.org.uk/downloads/docs/Past-Papers/cleared/GCSE/GCSE%20Mathematics%20%282017%29/2022-November/Irish%20Medium/0/GCSE-Mathematics%20-504-November2022-Higher%20Tier%2C%20M3%3A%20%28With%20calculator%29-Paper.pdf
2024	Summer	Standard	MS=1	Foundation Tier, M6: Paper 2 (With calculator)	https://ccea.org.uk/downloads/docs/Past-Papers/cleared/GCSE/GCSE%20Mathematics%20%282017%29/2024-Summer/Standard/0/GCSE-Mathematics%20-504-Summer2024-Foundation%20Tier%2C%20M6%3A%20Paper%202%20%28With%20calculator%29-MS_0.pdf
2024	Summer	Standard	MS=1	Higher Tier, M8: Paper 2 (With calculator) 	https://ccea.org.uk/downloads/docs/Past-Papers/cleared/GCSE/GCSE%20Mathematics%20%282017%29/2024-Summer/Standard/0/GCSE-Mathematics%20-504-Summer2024-Higher%20Tier%2C%20M8%3A%20Paper%202%20%28With%20calculator%29%20-MS.pdf
2024	Summer	Standard	MS=1	Higher Tier, M8: Paper 1 (Non-calculator)	https://ccea.org.uk/downloads/docs/Past-Papers/cleared/GCSE/GCSE%20Mathematics%20%282017%29/2024-Summer/Standard/0/GCSE-Mathematics%20-504-Summer2024-Higher%20Tier%2C%20M8%3A%20Paper%201%20%28Non-calculator%29-MS.pdf
2024	Summer	Standard	MS=1	Higher Tier, M7: Paper 2 (With calculator)	https://ccea.org.uk/downloads/docs/Past-Papers/cleared/GCSE/GCSE%20Mathematics%20%282017%29/2024-Summer/Standard/0/GCSE-Mathematics%20-504-Summer2024-Higher%20Tier%2C%20M7%3A%20Paper%202%20%28With%20calculator%29-MS.pdf
2024	Summer	Standard	MS=1	Higher Tier, M7: Paper 1 (Non-calculator)  	https://ccea.org.uk/downloads/docs/Past-Papers/cleared/GCSE/GCSE%20Mathematics%20%282017%29/2024-Summer/Standard/0/GCSE-Mathematics%20-504-Summer2024-Higher%20Tier%2C%20M7%3A%20Paper%201%20%28Non-calculator%29%20%20-MS.pdf
2024	Summer	Standard	MS=1	Foundation Tier, M6: Paper 1 (Non-calculator) 	https://ccea.org.uk/downloads/docs/Past-Papers/cleared/GCSE/GCSE%20Mathematics%20%282017%29/2024-Summer/Standard/0/GCSE-Mathematics%20-504-Summer2024-Foundation%20Tier%2C%20M6%3A%20Paper%201%20%28Non-calculator%29%20-MS.pdf
2024	Summer	Standard	MS=1	Foundation Tier, M5: Paper 2 (With calculator)	https://ccea.org.uk/downloads/docs/Past-Papers/cleared/GCSE/GCSE%20Mathematics%20%282017%29/2024-Summer/Standard/0/GCSE-Mathematics%20-504-Summer2024-Foundation%20Tier%2C%20M5%3A%20Paper%202%20%28With%20calculator%29-MS.pdf
2024	Summer	Standard	MS=1	Foundation Tier, M5: Paper 1 (Non-Calculator)	https://ccea.org.uk/downloads/docs/Past-Papers/cleared/GCSE/GCSE%20Mathematics%20%282017%29/2024-Summer/Standard/0/GCSE-Mathematics%20-504-Summer2024-Foundation%20Tier%2C%20M5%3A%20Paper%201%20%28Non-Calculator%29-MS.pdf
2024	Summer	Standard	MS=1	Higher Tier, M4: (With calculator)	https://ccea.org.uk/downloads/docs/Past-Papers/cleared/GCSE/GCSE%20Mathematics%20%282017%29/2024-Summer/Standard/0/GCSE-Mathematics%20-504-Summer2024-Higher%20Tier%2C%20M4%3A%20%28With%20calculator%29-MS.pdf
2024	Summer	Standard	MS=1	Higher Tier, M3: (With calculator)	https://ccea.org.uk/downloads/docs/Past-Papers/cleared/GCSE/GCSE%20Mathematics%20%282017%29/2024-Summer/Standard/0/GCSE-Mathematics%20-504-Summer2024-Higher%20Tier%2C%20M3%3A%20%28With%20calculator%29-MS.pdf
2024	Summer	Standard	MS=1	Foundation Tier, M2: (With calculator) 	https://ccea.org.uk/downloads/docs/Past-Papers/cleared/GCSE/GCSE%20Mathematics%20%282017%29/2024-Summer/Standard/0/GCSE-Mathematics%20-504-Summer2024-Foundation%20Tier%2C%20M2%3A%20%28With%20calculator%29%20-MS.pdf
2024	Summer	Standard	MS=1	Foundation Tier, M1 (With calculator)	https://ccea.org.uk/downloads/docs/Past-Papers/cleared/GCSE/GCSE%20Mathematics%20%282017%29/2024-Summer/Standard/0/GCSE-Mathematics%20-504-Summer2024-Foundation%20Tier%2C%20M1%20%28With%20calculator%29-MS.pdf
2024	Summer	Modified	MS=0	Higher Tier, M8: Paper 2 (With calculator) (MV24)	https://ccea.org.uk/downloads/docs/Past-Papers/cleared/GCSE/GCSE%20Mathematics%20%282017%29/2024-Summer/Modified/0/GCSE-Mathematics%20-504-Summer2024-Higher%20Tier%2C%20M8%3A%20Paper%202%20%28With%20calculator%29%20%28MV24%29-Paper.pdf
2024	Summer	Modified	MS=0	Higher Tier, M8: Paper 2 (With calculator) (MV18)	https://ccea.org.uk/downloads/docs/Past-Papers/cleared/GCSE/GCSE%20Mathematics%20%282017%29/2024-Summer/Modified/0/GCSE-Mathematics%20-504-Summer2024-Higher%20Tier%2C%20M8%3A%20Paper%202%20%28With%20calculator%29%20%28MV18%29-Paper.pdf
2024	Summer	Modified	MS=0	Higher Tier, M8: Paper 1 (Non-calculator) (MV24)	https://ccea.org.uk/downloads/docs/Past-Papers/cleared/GCSE/GCSE%20Mathematics%20%282017%29/2024-Summer/Modified/0/GCSE-Mathematics%20-504-Summer2024-Higher%20Tier%2C%20M8%3A%20Paper%201%20%28Non-calculator%29%20%28MV24%29-Paper.pdf
2024	Summer	Modified	MS=0	Higher Tier, M8: Paper 1 (Non-calculator) (MV18)	https://ccea.org.uk/downloads/docs/Past-Papers/cleared/GCSE/GCSE%20Mathematics%20%282017%29/2024-Summer/Modified/0/GCSE-Mathematics%20-504-Summer2024-Higher%20Tier%2C%20M8%3A%20Paper%201%20%28Non-calculator%29%20%28MV18%29-Paper.pdf
2024	Summer	Modified	MS=0	Higher Tier, M7: Paper 2 (With calculator) (MV24)	https://ccea.org.uk/downloads/docs/Past-Papers/cleared/GCSE/GCSE%20Mathematics%20%282017%29/2024-Summer/Modified/0/GCSE-Mathematics%20-504-Summer2024-Higher%20Tier%2C%20M7%3A%20Paper%202%20%28With%20calculator%29%20%28MV24%29-Paper.pdf
2024	Summer	Modified	MS=0	Higher Tier, M7: Paper 2 (With calculator) (MV18)	https://ccea.org.uk/downloads/docs/Past-Papers/cleared/GCSE/GCSE%20Mathematics%20%282017%29/2024-Summer/Modified/0/GCSE-Mathematics%20-504-Summer2024-Higher%20Tier%2C%20M7%3A%20Paper%202%20%28With%20calculator%29%20%28MV18%29-Paper.pdf
2024	Summer	Modified	MS=0	Higher Tier, M7: Paper 1 (Non-calculator) (MV24)	https://ccea.org.uk/downloads/docs/Past-Papers/cleared/GCSE/GCSE%20Mathematics%20%282017%29/2024-Summer/Modified/0/GCSE-Mathematics%20-504-Summer2024-Higher%20Tier%2C%20M7%3A%20Paper%201%20%28Non-calculator%29%20%28MV24%29-Paper.pdf
2024	Summer	Modified	MS=0	Higher Tier, M7: Paper 1 (Non-calculator) (MV18)	https://ccea.org.uk/downloads/docs/Past-Papers/cleared/GCSE/GCSE%20Mathematics%20%282017%29/2024-Summer/Modified/0/GCSE-Mathematics%20-504-Summer2024-Higher%20Tier%2C%20M7%3A%20Paper%201%20%28Non-calculator%29%20%28MV18%29-Paper.pdf
2024	Summer	Modified	MS=0	Higher Tier, M4: (With calculator) (MV24)	https://ccea.org.uk/downloads/docs/Past-Papers/cleared/GCSE/GCSE%20Mathematics%20%282017%29/2024-Summer/Modified/0/GCSE-Mathematics%20-504-Summer2024-Higher%20Tier%2C%20M4%3A%20%28With%20calculator%29%20%28MV24%29-Paper.pdf
2024	Summer	Modified	MS=0	Higher Tier, M4: (With calculator) (MV18)	https://ccea.org.uk/downloads/docs/Past-Papers/cleared/GCSE/GCSE%20Mathematics%20%282017%29/2024-Summer/Modified/0/GCSE-Mathematics%20-504-Summer2024-Higher%20Tier%2C%20M4%3A%20%28With%20calculator%29%20%28MV18%29-Paper.pdf
2024	Summer	Modified	MS=0	Higher Tier, M3: (With calculator) (MV24)	https://ccea.org.uk/downloads/docs/Past-Papers/cleared/GCSE/GCSE%20Mathematics%20%282017%29/2024-Summer/Modified/0/GCSE-Mathematics%20-504-Summer2024-Higher%20Tier%2C%20M3%3A%20%28With%20calculator%29%20%28MV24%29-Paper.pdf
2024	Summer	Modified	MS=0	Higher Tier, M3: (With calculator) (MV18)	https://ccea.org.uk/downloads/docs/Past-Papers/cleared/GCSE/GCSE%20Mathematics%20%282017%29/2024-Summer/Modified/0/GCSE-Mathematics%20-504-Summer2024-Higher%20Tier%2C%20M3%3A%20%28With%20calculator%29%20%28MV18%29-Paper.pdf
2024	Summer	Modified	MS=0	Foundation Tier, M2: (With calculator) (MV24-IM)	https://ccea.org.uk/downloads/docs/Past-Papers/cleared/GCSE/GCSE%20Mathematics%20%282017%29/2024-Summer/Modified/0/GCSE-Mathematics%20-504-Summer2024-Foundation%20Tier%2C%20M2%3A%20%28With%20calculator%29%20%28MV24-IM%29-Paper.pdf
2024	Summer	Modified	MS=0	Foundation Tier, M2: (With calculator) (MV24)	https://ccea.org.uk/downloads/docs/Past-Papers/cleared/GCSE/GCSE%20Mathematics%20%282017%29/2024-Summer/Modified/0/GCSE-Mathematics%20-504-Summer2024-Foundation%20Tier%2C%20M2%3A%20%28With%20calculator%29%20%28MV24%29-Paper.pdf
2024	Summer	Modified	MS=0	Foundation Tier, M2: (With calculator) (MV18)	https://ccea.org.uk/downloads/docs/Past-Papers/cleared/GCSE/GCSE%20Mathematics%20%282017%29/2024-Summer/Modified/0/GCSE-Mathematics%20-504-Summer2024-Foundation%20Tier%2C%20M2%3A%20%28With%20calculator%29%20%28MV18%29-Paper.pdf
2024	Summer	Modified	MS=0	Foundation Tier, M1 (With calculator) (MV24)	https://ccea.org.uk/downloads/docs/Past-Papers/cleared/GCSE/GCSE%20Mathematics%20%282017%29/2024-Summer/Modified/0/GCSE-Mathematics%20-504-Summer2024-Foundation%20Tier%2C%20M1%20%28With%20calculator%29%20%28MV24%29-Paper.pdf
2024	Summer	Modified	MS=0	Foundation Tier, M1 (With calculator) (MV18)	https://ccea.org.uk/downloads/docs/Past-Papers/cleared/GCSE/GCSE%20Mathematics%20%282017%29/2024-Summer/Modified/0/GCSE-Mathematics%20-504-Summer2024-Foundation%20Tier%2C%20M1%20%28With%20calculator%29%20%28MV18%29-Paper.pdf
2023	November	Modified	MS=0	Foundation Tier, M6: Paper 2 (With calculator) (MV18)	https://ccea.org.uk/downloads/docs/Past-Papers/cleared/GCSE/GCSE%20Mathematics%20%282017%29/2023-November/Modified/0/GCSE-Mathematics%20-504-November2023-Foundation%20Tier%2C%20M6%3A%20Paper%202%20%28With%20calculator%29%20%28MV18%29-Paper.pdf
2024	Summer	Modified	MS=0	Foundation Tier, M6: Paper 2 (With calculator) (MV24-IM)	https://ccea.org.uk/downloads/docs/Past-Papers/cleared/GCSE/GCSE%20Mathematics%20%282017%29/2024-Summer/Modified/0/GCSE-Mathematics%20-504-Summer2024-Foundation%20Tier%2C%20M6%3A%20Paper%202%20%28With%20calculator%29%20%28MV24-IM%29-Paper.pdf
2024	Summer	Modified	MS=0	Foundation Tier, M6: Paper 2 (With calculator) (MV24)	https://ccea.org.uk/downloads/docs/Past-Papers/cleared/GCSE/GCSE%20Mathematics%20%282017%29/2024-Summer/Modified/0/GCSE-Mathematics%20-504-Summer2024-Foundation%20Tier%2C%20M6%3A%20Paper%202%20%28With%20calculator%29%20%28MV24%29-Paper.pdf
2024	Summer	Modified	MS=0	Foundation Tier, M6: Paper 2 (With calculator) (MV18)	https://ccea.org.uk/downloads/docs/Past-Papers/cleared/GCSE/GCSE%20Mathematics%20%282017%29/2024-Summer/Modified/0/GCSE-Mathematics%20-504-Summer2024-Foundation%20Tier%2C%20M6%3A%20Paper%202%20%28With%20calculator%29%20%28MV18%29-Paper.pdf
2024	Summer	Modified	MS=0	Foundation Tier, M6: Paper 1 (Non-Calculator) (MV24-IM) 	https://ccea.org.uk/downloads/docs/Past-Papers/cleared/GCSE/GCSE%20Mathematics%20%282017%29/2024-Summer/Modified/0/GCSE-Mathematics%20-504-Summer2024-Foundation%20Tier%2C%20M6%3A%20Paper%201%20%28Non-Calculator%29%20%28MV24-IM%29%20-Paper.pdf
2024	Summer	Modified	MS=0	Foundation Tier, M6: Paper 1 (Non-Calculator) (MV24) 	https://ccea.org.uk/downloads/docs/Past-Papers/cleared/GCSE/GCSE%20Mathematics%20%282017%29/2024-Summer/Modified/0/GCSE-Mathematics%20-504-Summer2024-Foundation%20Tier%2C%20M6%3A%20Paper%201%20%28Non-Calculator%29%20%28MV24%29%20-Paper.pdf
2024	Summer	Modified	MS=0	Foundation Tier, M6: Paper 1 (Non-Calculator) (MV18) 	https://ccea.org.uk/downloads/docs/Past-Papers/cleared/GCSE/GCSE%20Mathematics%20%282017%29/2024-Summer/Modified/0/GCSE-Mathematics%20-504-Summer2024-Foundation%20Tier%2C%20M6%3A%20Paper%201%20%28Non-Calculator%29%20%28MV18%29%20-Paper.pdf
2024	Summer	Irish Medium	MS=0	Higher Tier, M8: Paper 2 (With calculator) 	https://ccea.org.uk/downloads/docs/Past-Papers/cleared/GCSE/GCSE%20Mathematics%20%282017%29/2024-Summer/Irish%20Medium/0/GCSE-Mathematics%20-504-Summer2024-Higher%20Tier%2C%20M8%3A%20Paper%202%20%28With%20calculator%29%20-Paper.pdf
2024	Summer	Irish Medium	MS=0	Higher Tier, M8: Paper 1 (Non-calculator)	https://ccea.org.uk/downloads/docs/Past-Papers/cleared/GCSE/GCSE%20Mathematics%20%282017%29/2024-Summer/Irish%20Medium/0/GCSE-Mathematics%20-504-Summer2024-Higher%20Tier%2C%20M8%3A%20Paper%201%20%28Non-calculator%29-Paper.pdf
2024	Summer	Irish Medium	MS=0	Higher Tier, M7: Paper 2 (With calculator)	https://ccea.org.uk/downloads/docs/Past-Papers/cleared/GCSE/GCSE%20Mathematics%20%282017%29/2024-Summer/Irish%20Medium/0/GCSE-Mathematics%20-504-Summer2024-Higher%20Tier%2C%20M7%3A%20Paper%202%20%28With%20calculator%29-Paper.pdf
2024	Summer	Irish Medium	MS=0	Higher Tier, M7: Paper 1 (Non-calculator)  	https://ccea.org.uk/downloads/docs/Past-Papers/cleared/GCSE/GCSE%20Mathematics%20%282017%29/2024-Summer/Irish%20Medium/0/GCSE-Mathematics%20-504-Summer2024-Higher%20Tier%2C%20M7%3A%20Paper%201%20%28Non-calculator%29%20%20-Paper.pdf
2024	Summer	Irish Medium	MS=0	Foundation Tier, M6: Paper 2 (With calculator)	https://ccea.org.uk/downloads/docs/Past-Papers/cleared/GCSE/GCSE%20Mathematics%20%282017%29/2024-Summer/Irish%20Medium/0/GCSE-Mathematics%20-504-Summer2024-Foundation%20Tier%2C%20M6%3A%20Paper%202%20%28With%20calculator%29-Paper.pdf
2024	Summer	Irish Medium	MS=0	Foundation Tier, M6: Paper 1 (Non-calculator) 	https://ccea.org.uk/downloads/docs/Past-Papers/cleared/GCSE/GCSE%20Mathematics%20%282017%29/2024-Summer/Irish%20Medium/0/GCSE-Mathematics%20-504-Summer2024-Foundation%20Tier%2C%20M6%3A%20Paper%201%20%28Non-calculator%29%20-Paper.pdf
2024	Summer	Irish Medium	MS=0	Higher Tier, M4: (With calculator)	https://ccea.org.uk/downloads/docs/Past-Papers/cleared/GCSE/GCSE%20Mathematics%20%282017%29/2024-Summer/Irish%20Medium/0/GCSE-Mathematics%20-504-Summer2024-Higher%20Tier%2C%20M4%3A%20%28With%20calculator%29-Paper_0.pdf
2024	Summer	Irish Medium	MS=0	Higher Tier, M3: (With calculator)	https://ccea.org.uk/downloads/docs/Past-Papers/cleared/GCSE/GCSE%20Mathematics%20%282017%29/2024-Summer/Irish%20Medium/0/GCSE-Mathematics%20-504-Summer2024-Higher%20Tier%2C%20M3%3A%20%28With%20calculator%29-Paper.pdf
2024	Summer	Irish Medium	MS=0	Foundation Tier, M2: (With calculator) 	https://ccea.org.uk/downloads/docs/Past-Papers/cleared/GCSE/GCSE%20Mathematics%20%282017%29/2024-Summer/Irish%20Medium/0/GCSE-Mathematics%20-504-Summer2024-Foundation%20Tier%2C%20M2%3A%20%28With%20calculator%29%20-Paper.pdf
2024	Summer	Irish Medium	MS=0	Foundation Tier, M1 (With calculator)	https://ccea.org.uk/downloads/docs/Past-Papers/cleared/GCSE/GCSE%20Mathematics%20%282017%29/2024-Summer/Irish%20Medium/0/GCSE-Mathematics%20-504-Summer2024-Foundation%20Tier%2C%20M1%20%28With%20calculator%29-Paper_0.pdf
2023	November	Modified	MS=0	Foundation Tier, M6: Paper 2 (With calculator) (ML)	https://ccea.org.uk/downloads/docs/Past-Papers/cleared/GCSE/GCSE%20Mathematics%20%282017%29/2023-November/Modified/0/GCSE-Mathematics%20-504-November2023-Foundation%20Tier%2C%20M6%3A%20Paper%202%20%28With%20calculator%29%20%28ML%29-Paper.pdf
2023	November	Modified	MS=0	Foundation Tier, M6: Paper 1 (Non-calculator) (MV24)	https://ccea.org.uk/downloads/docs/Past-Papers/cleared/GCSE/GCSE%20Mathematics%20%282017%29/2023-November/Modified/0/GCSE-Mathematics%20-504-November2023-Foundation%20Tier%2C%20M6%3A%20Paper%201%20%28Non-calculator%29%20%28MV24%29-Paper.pdf
2023	November	Modified	MS=0	Foundation Tier, M6: Paper 1 (Non-calculator) (MV18	https://ccea.org.uk/downloads/docs/Past-Papers/cleared/GCSE/GCSE%20Mathematics%20%282017%29/2023-November/Modified/0/GCSE-Mathematics%20-504-November2023-Foundation%20Tier%2C%20M6%3A%20Paper%201%20%28Non-calculator%29%20%28MV18-Paper.pdf
2024	Summer	Standard	MS=0	Higher Tier, M8: Paper 2 (With calculator) 	https://ccea.org.uk/downloads/docs/Past-Papers/cleared/GCSE/GCSE%20Mathematics%20%282017%29/2024-Summer/Standard/0/GCSE-Mathematics%20-504-Summer2024-Higher%20Tier%2C%20M8%3A%20Paper%202%20%28With%20calculator%29%20-Paper.pdf
2024	Summer	Standard	MS=0	Higher Tier, M8: Paper 1 (Non-calculator)	https://ccea.org.uk/downloads/docs/Past-Papers/cleared/GCSE/GCSE%20Mathematics%20%282017%29/2024-Summer/Standard/0/GCSE-Mathematics%20-504-Summer2024-Higher%20Tier%2C%20M8%3A%20Paper%201%20%28Non-calculator%29-Paper.pdf
2024	Summer	Standard	MS=0	Higher Tier, M7: Paper 2 (With calculator)	https://ccea.org.uk/downloads/docs/Past-Papers/cleared/GCSE/GCSE%20Mathematics%20%282017%29/2024-Summer/Standard/0/GCSE-Mathematics%20-504-Summer2024-Higher%20Tier%2C%20M7%3A%20Paper%202%20%28With%20calculator%29-Paper.pdf
2024	Summer	Standard	MS=0	Higher Tier, M7: Paper 1 (Non-calculator)  	https://ccea.org.uk/downloads/docs/Past-Papers/cleared/GCSE/GCSE%20Mathematics%20%282017%29/2024-Summer/Standard/0/GCSE-Mathematics%20-504-Summer2024-Higher%20Tier%2C%20M7%3A%20Paper%201%20%28Non-calculator%29%20%20-Paper.pdf
2024	Summer	Standard	MS=0	Foundation Tier, M6: Paper 2 (With calculator)	https://ccea.org.uk/downloads/docs/Past-Papers/cleared/GCSE/GCSE%20Mathematics%20%282017%29/2024-Summer/Standard/0/GCSE-Mathematics%20-504-Summer2024-Foundation%20Tier%2C%20M6%3A%20Paper%202%20%28With%20calculator%29-Paper.pdf
2024	Summer	Standard	MS=0	Foundation Tier, M6: Paper 1 (Non-calculator) 	https://ccea.org.uk/downloads/docs/Past-Papers/cleared/GCSE/GCSE%20Mathematics%20%282017%29/2024-Summer/Standard/0/GCSE-Mathematics%20-504-Summer2024-Foundation%20Tier%2C%20M6%3A%20Paper%201%20%28Non-calculator%29%20-Paper.pdf
2024	Summer	Standard	MS=0	Foundation Tier, M5: Paper 2 (With calculator)	https://ccea.org.uk/downloads/docs/Past-Papers/cleared/GCSE/GCSE%20Mathematics%20%282017%29/2024-Summer/Standard/0/GCSE-Mathematics%20-504-Summer2024-Foundation%20Tier%2C%20M5%3A%20Paper%202%20%28With%20calculator%29-Paper.pdf
2024	Summer	Standard	MS=0	Foundation Tier, M5: Paper 1 (Non-Calculator)	https://ccea.org.uk/downloads/docs/Past-Papers/cleared/GCSE/GCSE%20Mathematics%20%282017%29/2024-Summer/Standard/0/GCSE-Mathematics%20-504-Summer2024-Foundation%20Tier%2C%20M5%3A%20Paper%201%20%28Non-Calculator%29-Paper.pdf
2024	Summer	Standard	MS=0	Foundation Tier, M1 (With calculator)	https://ccea.org.uk/downloads/docs/Past-Papers/cleared/GCSE/GCSE%20Mathematics%20%282017%29/2024-Summer/Standard/0/GCSE-Mathematics%20-504-Summer2024-Foundation%20Tier%2C%20M1%20%28With%20calculator%29-Paper.pdf
2024	Summer	Standard	MS=0	Higher Tier, M4: (With calculator)	https://ccea.org.uk/downloads/docs/Past-Papers/cleared/GCSE/GCSE%20Mathematics%20%282017%29/2024-Summer/Standard/0/GCSE-Mathematics%20-504-Summer2024-Higher%20Tier%2C%20M4%3A%20%28With%20calculator%29-Paper.pdf
2024	Summer	Standard	MS=0	Higher Tier, M3: (With calculator)	https://ccea.org.uk/downloads/docs/Past-Papers/cleared/GCSE/GCSE%20Mathematics%20%282017%29/2024-Summer/Standard/0/GCSE-Mathematics%20-504-Summer2024-Higher%20Tier%2C%20M3%3A%20%28With%20calculator%29-Paper.pdf
2024	Summer	Standard	MS=0	Foundation Tier, M2: (With calculator) 	https://ccea.org.uk/downloads/docs/Past-Papers/cleared/GCSE/GCSE%20Mathematics%20%282017%29/2024-Summer/Standard/0/GCSE-Mathematics%20-504-Summer2024-Foundation%20Tier%2C%20M2%3A%20%28With%20calculator%29%20-Paper.pdf
2023	November	Modified	MS=0	Foundation Tier, M5: Paper 2 (With calculator) (MV24)	https://ccea.org.uk/downloads/docs/Past-Papers/cleared/GCSE/GCSE%20Mathematics%20%282017%29/2023-November/Modified/0/GCSE-Mathematics%20-504-November2023-Foundation%20Tier%2C%20M5%3A%20Paper%202%20%28With%20calculator%29%20%28MV24%29-Paper.pdf
2023	November	Modified	MS=0	Foundation Tier, M5: Paper 2 (With calculator) (MV18)	https://ccea.org.uk/downloads/docs/Past-Papers/cleared/GCSE/GCSE%20Mathematics%20%282017%29/2023-November/Modified/0/GCSE-Mathematics%20-504-November2023-Foundation%20Tier%2C%20M5%3A%20Paper%202%20%28With%20calculator%29%20%28MV18%29-Paper.pdf
2023	Summer	Modified	MS=0	Foundation Tier, M5: Paper 2 (With calculator) (ML)	https://ccea.org.uk/downloads/docs/Past-Papers/cleared/GCSE/GCSE%20Mathematics%20%282017%29/2023-Summer/Modified/0/GCSE-Mathematics%20-504-Summer2023-Foundation%20Tier%2C%20M5%3A%20Paper%202%20%28With%20calculator%29%20%28ML%29-Paper.pdf
2023	Summer	Modified	MS=0	Foundation Tier, M5: Paper 1 (Non-Calculator) (MV18)	https://ccea.org.uk/downloads/docs/Past-Papers/cleared/GCSE/GCSE%20Mathematics%20%282017%29/2023-Summer/Modified/0/GCSE-Mathematics%20-504-Summer2023-Foundation%20Tier%2C%20M5%3A%20Paper%201%20%28Non-Calculator%29%20%28MV18%29-Paper.pdf
2023	Summer	Modified	MS=0	Foundation Tier, M5: Paper 1 (Non-Calculator) (MV24)	https://ccea.org.uk/downloads/docs/Past-Papers/cleared/GCSE/GCSE%20Mathematics%20%282017%29/2023-Summer/Modified/0/GCSE-Mathematics%20-504-Summer2023-Foundation%20Tier%2C%20M5%3A%20Paper%201%20%28Non-Calculator%29%20%28MV24%29-Paper.pdf
2023	Summer	Modified	MS=0	Higher Tier, M7: Paper 2 (With calculator) (MV24)	https://ccea.org.uk/downloads/docs/Past-Papers/cleared/GCSE/GCSE%20Mathematics%20%282017%29/2023-Summer/Modified/0/GCSE-Mathematics%20-504-Summer2023-Higher%20Tier%2C%20M7%3A%20Paper%202%20%28With%20calculator%29%20%28MV24%29-Paper.pdf
2023	Summer	Modified	MS=0	Higher Tier, M7: Paper 2 (With calculator) (MV18)	https://ccea.org.uk/downloads/docs/Past-Papers/cleared/GCSE/GCSE%20Mathematics%20%282017%29/2023-Summer/Modified/0/GCSE-Mathematics%20-504-Summer2023-Higher%20Tier%2C%20M7%3A%20Paper%202%20%28With%20calculator%29%20%28MV18%29-Paper.pdf
2023	Summer	Modified	MS=0	Higher Tier, M7: Paper 2 (With calculator) (ML)	https://ccea.org.uk/downloads/docs/Past-Papers/cleared/GCSE/GCSE%20Mathematics%20%282017%29/2023-Summer/Modified/0/GCSE-Mathematics%20-504-Summer2023-Higher%20Tier%2C%20M7%3A%20Paper%202%20%28With%20calculator%29%20%28ML%29-Paper.pdf
2023	Summer	Irish Medium	MS=0	Higher Tier, M7: Paper 2 (With calculator)	https://ccea.org.uk/downloads/docs/Past-Papers/cleared/GCSE/GCSE%20Mathematics%20%282017%29/2023-Summer/Irish%20Medium/0/GCSE-Mathematics%20-504-Summer2023-Higher%20Tier%2C%20M7%3A%20Paper%202%20%28With%20calculator%29-Paper.pdf
2023	November	Modified	MS=0	Foundation Tier, M5: Paper 2 (With calculator) (ML)	https://ccea.org.uk/downloads/docs/Past-Papers/cleared/GCSE/GCSE%20Mathematics%20%282017%29/2023-November/Modified/0/GCSE-Mathematics%20-504-November2023-Foundation%20Tier%2C%20M5%3A%20Paper%202%20%28With%20calculator%29%20%28ML%29-Paper.pdf
2023	Summer	Modified	MS=0	Higher Tier, M8: Paper 2 (With calculator) (MV24)	https://ccea.org.uk/downloads/docs/Past-Papers/cleared/GCSE/GCSE%20Mathematics%20%282017%29/2023-Summer/Modified/0/GCSE-Mathematics%20-504-Summer2023-Higher%20Tier%2C%20M8%3A%20Paper%202%20%28With%20calculator%29%20%28MV24%29-Paper.pdf
2023	Summer	Modified	MS=0	Higher Tier, M8: Paper 2 (With calculator) (MV18)	https://ccea.org.uk/downloads/docs/Past-Papers/cleared/GCSE/GCSE%20Mathematics%20%282017%29/2023-Summer/Modified/0/GCSE-Mathematics%20-504-Summer2023-Higher%20Tier%2C%20M8%3A%20Paper%202%20%28With%20calculator%29%20%28MV18%29-Paper.pdf
2023	Summer	Modified	MS=0	Higher Tier, M8: Paper 1 (Non-calculator) (MV24)	https://ccea.org.uk/downloads/docs/Past-Papers/cleared/GCSE/GCSE%20Mathematics%20%282017%29/2023-Summer/Modified/0/GCSE-Mathematics%20-504-Summer2023-Higher%20Tier%2C%20M8%3A%20Paper%201%20%28Non-calculator%29%20%28MV24%29-Paper.pdf
2023	Summer	Modified	MS=0	Higher Tier, M8: Paper 1 (Non-calculator) (MV18)	https://ccea.org.uk/downloads/docs/Past-Papers/cleared/GCSE/GCSE%20Mathematics%20%282017%29/2023-Summer/Modified/0/GCSE-Mathematics%20-504-Summer2023-Higher%20Tier%2C%20M8%3A%20Paper%201%20%28Non-calculator%29%20%28MV18%29-Paper.pdf
2023	Summer	Irish Medium	MS=0	Higher Tier, M8: Paper 1 (Non-calculator)	https://ccea.org.uk/downloads/docs/Past-Papers/cleared/GCSE/GCSE%20Mathematics%20%282017%29/2023-Summer/Irish%20Medium/0/GCSE-Mathematics%20-504-Summer2023-Higher%20Tier%2C%20M8%3A%20Paper%201%20%28Non-calculator%29-Paper.pdf
2023	Summer	Modified	MS=0	Higher Tier, M7: Paper 1 (Non-calculator)  (MV24)	https://ccea.org.uk/downloads/docs/Past-Papers/cleared/GCSE/GCSE%20Mathematics%20%282017%29/2023-Summer/Modified/0/GCSE-Mathematics%20-504-Summer2023-Higher%20Tier%2C%20M7%3A%20Paper%201%20%28Non-calculator%29%20%20%28MV24%29-Paper.pdf
2023	Summer	Modified	MS=0	Higher Tier, M7: Paper 1 (Non-calculator)  (MV18)	https://ccea.org.uk/downloads/docs/Past-Papers/cleared/GCSE/GCSE%20Mathematics%20%282017%29/2023-Summer/Modified/0/GCSE-Mathematics%20-504-Summer2023-Higher%20Tier%2C%20M7%3A%20Paper%201%20%28Non-calculator%29%20%20%28MV18%29-Paper.pdf
2023	Summer	Irish Medium	MS=0	Higher Tier, M7: Paper 1 (Non-calculator)  	https://ccea.org.uk/downloads/docs/Past-Papers/cleared/GCSE/GCSE%20Mathematics%20%282017%29/2023-Summer/Irish%20Medium/0/GCSE-Mathematics%20-504-Summer2023-Higher%20Tier%2C%20M7%3A%20Paper%201%20%28Non-calculator%29%20%20-Paper.pdf
2023	Summer	Modified	MS=0	Foundation Tier, M6: Paper 1 (Non-calculator) (MV18)	https://ccea.org.uk/downloads/docs/Past-Papers/cleared/GCSE/GCSE%20Mathematics%20%282017%29/2023-Summer/Modified/0/GCSE-Mathematics%20-504-Summer2023-Foundation%20Tier%2C%20M6%3A%20Paper%201%20%28Non-calculator%29%20%28MV18%29-Paper.pdf
2023	Summer	Modified	MS=0	Higher Tier, M4: (With calculator) (MV24)	https://ccea.org.uk/downloads/docs/Past-Papers/cleared/GCSE/GCSE%20Mathematics%20%282017%29/2023-Summer/Modified/0/GCSE-Mathematics%20-504-Summer2023-Higher%20Tier%2C%20M4%3A%20%28With%20calculator%29%20%28MV24%29-Paper.pdf
2023	Summer	Modified	MS=0	Higher Tier, M4: (With calculator) (MV18)	https://ccea.org.uk/downloads/docs/Past-Papers/cleared/GCSE/GCSE%20Mathematics%20%282017%29/2023-Summer/Modified/0/GCSE-Mathematics%20-504-Summer2023-Higher%20Tier%2C%20M4%3A%20%28With%20calculator%29%20%28MV18%29-Paper.pdf
2023	Summer	Modified	MS=0	Higher Tier, M4: (With calculator) (ML)	https://ccea.org.uk/downloads/docs/Past-Papers/cleared/GCSE/GCSE%20Mathematics%20%282017%29/2023-Summer/Modified/0/GCSE-Mathematics%20-504-Summer2023-Higher%20Tier%2C%20M4%3A%20%28With%20calculator%29%20%28ML%29-Paper.pdf
2023	Summer	Modified	MS=0	Foundation Tier, M2: (With calculator) (ML)	https://ccea.org.uk/downloads/docs/Past-Papers/cleared/GCSE/GCSE%20Mathematics%20%282017%29/2023-Summer/Modified/0/GCSE-Mathematics%20-504-Summer2023-Foundation%20Tier%2C%20M2%3A%20%28With%20calculator%29%20%28ML%29-Paper.pdf
2023	Summer	Modified	MS=0	Foundation Tier, M2: (With calculator) (MV18)	https://ccea.org.uk/downloads/docs/Past-Papers/cleared/GCSE/GCSE%20Mathematics%20%282017%29/2023-Summer/Modified/0/GCSE-Mathematics%20-504-Summer2023-Foundation%20Tier%2C%20M2%3A%20%28With%20calculator%29%20%28MV18%29-Paper.pdf
2023	Summer	Modified	MS=0	Higher Tier, M3: (With calculator) (MV24)	https://ccea.org.uk/downloads/docs/Past-Papers/cleared/GCSE/GCSE%20Mathematics%20%282017%29/2023-Summer/Modified/0/GCSE-Mathematics%20-504-Summer2023-Higher%20Tier%2C%20M3%3A%20%28With%20calculator%29%20%28MV24%29-Paper.pdf
2023	Summer	Modified	MS=0	Higher Tier, M3: (With calculator) (MV18-ML)	https://ccea.org.uk/downloads/docs/Past-Papers/cleared/GCSE/GCSE%20Mathematics%20%282017%29/2023-Summer/Modified/0/GCSE-Mathematics%20-504-Summer2023-Higher%20Tier%2C%20M3%3A%20%28With%20calculator%29%20%28MV18-ML%29-Paper.pdf
2023	Summer	Modified	MS=0	Higher Tier, M3: (With calculator) (MV18)	https://ccea.org.uk/downloads/docs/Past-Papers/cleared/GCSE/GCSE%20Mathematics%20%282017%29/2023-Summer/Modified/0/GCSE-Mathematics%20-504-Summer2023-Higher%20Tier%2C%20M3%3A%20%28With%20calculator%29%20%28MV18%29-Paper.pdf
2023	Summer	Modified	MS=0	Higher Tier, M3: (With calculator) (ML)	https://ccea.org.uk/downloads/docs/Past-Papers/cleared/GCSE/GCSE%20Mathematics%20%282017%29/2023-Summer/Modified/0/GCSE-Mathematics%20-504-Summer2023-Higher%20Tier%2C%20M3%3A%20%28With%20calculator%29%20%28ML%29-Paper.pdf
2023	November	Modified	MS=0	Higher Tier, M7: Paper 2 (With calculator) (MV24)	https://ccea.org.uk/downloads/docs/Past-Papers/cleared/GCSE/GCSE%20Mathematics%20%282017%29/2023-November/Modified/0/GCSE-Mathematics%20-504-November2023-Higher%20Tier%2C%20M7%3A%20Paper%202%20%28With%20calculator%29%20%28MV24%29-Paper.pdf
2023	November	Modified	MS=0	Higher Tier, M7: Paper 2 (With calculator) (MV18)	https://ccea.org.uk/downloads/docs/Past-Papers/cleared/GCSE/GCSE%20Mathematics%20%282017%29/2023-November/Modified/0/GCSE-Mathematics%20-504-November2023-Higher%20Tier%2C%20M7%3A%20Paper%202%20%28With%20calculator%29%20%28MV18%29-Paper.pdf
2023	November	Modified	MS=0	Higher Tier, M7: Paper 2 (With calculator) (ML)	https://ccea.org.uk/downloads/docs/Past-Papers/cleared/GCSE/GCSE%20Mathematics%20%282017%29/2023-November/Modified/0/GCSE-Mathematics%20-504-November2023-Higher%20Tier%2C%20M7%3A%20Paper%202%20%28With%20calculator%29%20%28ML%29-Paper.pdf
2023	November	Modified	MS=0	Foundation Tier, M5: Paper 1 (Non-Calculator) (MV24)	https://ccea.org.uk/downloads/docs/Past-Papers/cleared/GCSE/GCSE%20Mathematics%20%282017%29/2023-November/Modified/0/GCSE-Mathematics%20-504-November2023-Foundation%20Tier%2C%20M5%3A%20Paper%201%20%28Non-Calculator%29%20%28MV24%29-Paper.pdf
2023	November	Modified	MS=0	Foundation Tier, M5: Paper 1 (Non-Calculator) (ML)	https://ccea.org.uk/downloads/docs/Past-Papers/cleared/GCSE/GCSE%20Mathematics%20%282017%29/2023-November/Modified/0/GCSE-Mathematics%20-504-November2023-Foundation%20Tier%2C%20M5%3A%20Paper%201%20%28Non-Calculator%29%20%28ML%29-Paper.pdf
2023	November	Modified	MS=0	Higher Tier, M8: Paper 1 (Non-Calculator) (MV24)	https://ccea.org.uk/downloads/docs/Past-Papers/cleared/GCSE/GCSE%20Mathematics%20%282017%29/2023-November/Modified/0/GCSE-Mathematics%20-504-November2023-Higher%20Tier%2C%20M8%3A%20Paper%201%20%28Non-Calculator%29%20%28MV24%29-Paper.pdf
2023	November	Modified	MS=0	Higher Tier, M8: Paper 1 (Non-Calculator) (MV18)	https://ccea.org.uk/downloads/docs/Past-Papers/cleared/GCSE/GCSE%20Mathematics%20%282017%29/2023-November/Modified/0/GCSE-Mathematics%20-504-November2023-Higher%20Tier%2C%20M8%3A%20Paper%201%20%28Non-Calculator%29%20%28MV18%29-Paper.pdf
2023	November	Modified	MS=0	Higher Tier, M8: Paper 1 (Non-Calculator) (ML)	https://ccea.org.uk/downloads/docs/Past-Papers/cleared/GCSE/GCSE%20Mathematics%20%282017%29/2023-November/Modified/0/GCSE-Mathematics%20-504-November2023-Higher%20Tier%2C%20M8%3A%20Paper%201%20%28Non-Calculator%29%20%28ML%29-Paper.pdf
2023	November	Modified	MS=0	Higher Tier, M3: (With calculator) (MV24)	https://ccea.org.uk/downloads/docs/Past-Papers/cleared/GCSE/GCSE%20Mathematics%20%282017%29/2023-November/Modified/0/GCSE-Mathematics%20-504-November2023-Higher%20Tier%2C%20M3%3A%20%28With%20calculator%29%20%28MV24%29-Paper.pdf
2023	November	Modified	MS=0	Higher Tier, M3: (With calculator) (MV18)	https://ccea.org.uk/downloads/docs/Past-Papers/cleared/GCSE/GCSE%20Mathematics%20%282017%29/2023-November/Modified/0/GCSE-Mathematics%20-504-November2023-Higher%20Tier%2C%20M3%3A%20%28With%20calculator%29%20%28MV18%29-Paper.pdf
2023	November	Modified	MS=0	Higher Tier, M3: (With calculator) (ML)	https://ccea.org.uk/downloads/docs/Past-Papers/cleared/GCSE/GCSE%20Mathematics%20%282017%29/2023-November/Modified/0/GCSE-Mathematics%20-504-November2023-Higher%20Tier%2C%20M3%3A%20%28With%20calculator%29%20%28ML%29-Paper.pdf
2023	November	Modified	MS=0	Higher Tier, M8: Paper 2 (With calculator) (MV24)	https://ccea.org.uk/downloads/docs/Past-Papers/cleared/GCSE/GCSE%20Mathematics%20%282017%29/2023-November/Modified/0/GCSE-Mathematics%20-504-November2023-Higher%20Tier%2C%20M8%3A%20Paper%202%20%28With%20calculator%29%20%28MV24%29-Paper.pdf
2023	November	Modified	MS=0	Higher Tier, M8: Paper 2 (With calculator) (MV18)	https://ccea.org.uk/downloads/docs/Past-Papers/cleared/GCSE/GCSE%20Mathematics%20%282017%29/2023-November/Modified/0/GCSE-Mathematics%20-504-November2023-Higher%20Tier%2C%20M8%3A%20Paper%202%20%28With%20calculator%29%20%28MV18%29-Paper.pdf
2023	November	Modified	MS=0	Higher Tier, M4: (With calculator) (MV18)	https://ccea.org.uk/downloads/docs/Past-Papers/cleared/GCSE/GCSE%20Mathematics%20%282017%29/2023-November/Modified/0/GCSE-Mathematics%20-504-November2023-Higher%20Tier%2C%20M4%3A%20%28With%20calculator%29%20%28MV18%29-Paper.pdf
2023	November	Modified	MS=0	Higher Tier, M4: (With calculator) (ML)	https://ccea.org.uk/downloads/docs/Past-Papers/cleared/GCSE/GCSE%20Mathematics%20%282017%29/2023-November/Modified/0/GCSE-Mathematics%20-504-November2023-Higher%20Tier%2C%20M4%3A%20%28With%20calculator%29%20%28ML%29-Paper.pdf
2023	November	Modified	MS=0	Higher Tier, M4: (With calculator) (MV24)	https://ccea.org.uk/downloads/docs/Past-Papers/cleared/GCSE/GCSE%20Mathematics%20%282017%29/2023-November/Modified/0/GCSE-Mathematics%20-504-November2023-Higher%20Tier%2C%20M4%3A%20%28With%20calculator%29%20%28MV24%29-Paper.pdf
2023	November	Modified	MS=0	Foundation Tier, M2: (With calculator) (MV24)	https://ccea.org.uk/downloads/docs/Past-Papers/cleared/GCSE/GCSE%20Mathematics%20%282017%29/2023-November/Modified/0/GCSE-Mathematics%20-504-November2023-Foundation%20Tier%2C%20M2%3A%20%28With%20calculator%29%20%28MV24%29-Paper.pdf
2023	November	Modified	MS=0	Foundation Tier, M2: (With calculator) (MV18)	https://ccea.org.uk/downloads/docs/Past-Papers/cleared/GCSE/GCSE%20Mathematics%20%282017%29/2023-November/Modified/0/GCSE-Mathematics%20-504-November2023-Foundation%20Tier%2C%20M2%3A%20%28With%20calculator%29%20%28MV18%29-Paper.pdf
2023	November	Modified	MS=0	Foundation Tier, M2: (With calculator) (ML)	https://ccea.org.uk/downloads/docs/Past-Papers/cleared/GCSE/GCSE%20Mathematics%20%282017%29/2023-November/Modified/0/GCSE-Mathematics%20-504-November2023-Foundation%20Tier%2C%20M2%3A%20%28With%20calculator%29%20%28ML%29-Paper.pdf
2023	November	Modified	MS=0	Foundation Tier, M1: (With calculator) (MV24)	https://ccea.org.uk/downloads/docs/Past-Papers/cleared/GCSE/GCSE%20Mathematics%20%282017%29/2023-November/Modified/0/GCSE-Mathematics%20-504-November2023-Foundation%20Tier%2C%20M1%3A%20%28With%20calculator%29%20%28MV24%29-Paper.pdf
2023	November	Modified	MS=0	Foundation Tier, M1: (With calculator) (MV18)	https://ccea.org.uk/downloads/docs/Past-Papers/cleared/GCSE/GCSE%20Mathematics%20%282017%29/2023-November/Modified/0/GCSE-Mathematics%20-504-November2023-Foundation%20Tier%2C%20M1%3A%20%28With%20calculator%29%20%28MV18%29-Paper.pdf
2023	November	Modified	MS=0	Foundation Tier, M1: (With calculator) (ML)	https://ccea.org.uk/downloads/docs/Past-Papers/cleared/GCSE/GCSE%20Mathematics%20%282017%29/2023-November/Modified/0/GCSE-Mathematics%20-504-November2023-Foundation%20Tier%2C%20M1%3A%20%28With%20calculator%29%20%28ML%29-Paper_0.pdf
2023	November	Irish Medium	MS=0	Higher Tier, M8: Paper 1 (Non-Calculator)	https://ccea.org.uk/downloads/docs/Past-Papers/cleared/GCSE/GCSE%20Mathematics%20%282017%29/2023-November/Irish%20Medium/0/GCSE-Mathematics%20-504-November2023-Higher%20Tier%2C%20M8%3A%20Paper%201%20%28Non-Calculator%29-Paper.pdf
2023	November	Irish Medium	MS=0	Higher Tier, M8: Paper 2 (With calculator) 	https://ccea.org.uk/downloads/docs/Past-Papers/cleared/GCSE/GCSE%20Mathematics%20%282017%29/2023-November/Irish%20Medium/0/GCSE-Mathematics%20-504-November2023-Higher%20Tier%2C%20M8%3A%20Paper%202%20%28With%20calculator%29%20-Paper.pdf
2023	November	Irish Medium	MS=0	Higher Tier, M4: (With calculator)	https://ccea.org.uk/downloads/docs/Past-Papers/cleared/GCSE/GCSE%20Mathematics%20%282017%29/2023-November/Irish%20Medium/0/GCSE-Mathematics%20-504-November2023-Higher%20Tier%2C%20M4%3A%20%28With%20calculator%29-Paper.pdf
2023	November	Irish Medium	MS=0	Higher Tier, M3: (With calculator)	https://ccea.org.uk/downloads/docs/Past-Papers/cleared/GCSE/GCSE%20Mathematics%20%282017%29/2023-November/Irish%20Medium/0/GCSE-Mathematics%20-504-November2023-Higher%20Tier%2C%20M3%3A%20%28With%20calculator%29-Paper.pdf
2021	November	Irish Medium	MS=0	Foundation Tier, M2: (With calculator) 	https://ccea.org.uk/downloads/docs/Past-Papers/cleared/GCSE/GCSE%20Mathematics%20%282017%29/2021-November/Irish%20Medium/0/GCSE-Mathematics%20-504-November2021-Foundation%20Tier%2C%20M2%3A%20%28With%20calculator%29%20-Paper.pdf
2023	November	Irish Medium	MS=0	Foundation Tier, M6: Paper 2 (With calculator)	https://ccea.org.uk/downloads/docs/Past-Papers/cleared/GCSE/GCSE%20Mathematics%20%282017%29/2023-November/Irish%20Medium/0/GCSE-Mathematics%20-504-November2023-Foundation%20Tier%2C%20M6%3A%20Paper%202%20%28With%20calculator%29-Paper.pdf
2023	November	Irish Medium	MS=0	Foundation Tier, M6: Paper 1 (Non-calculator) 	https://ccea.org.uk/downloads/docs/Past-Papers/cleared/GCSE/GCSE%20Mathematics%20%282017%29/2023-November/Irish%20Medium/0/GCSE-Mathematics%20-504-November2023-Foundation%20Tier%2C%20M6%3A%20Paper%201%20%28Non-calculator%29%20-Paper.pdf
2023	November	Irish Medium	MS=0	Foundation Tier, M2: (With calculator) 	https://ccea.org.uk/downloads/docs/Past-Papers/cleared/GCSE/GCSE%20Mathematics%20%282017%29/2023-November/Irish%20Medium/0/GCSE-Mathematics%20-504-November2023-Foundation%20Tier%2C%20M2%3A%20%28With%20calculator%29%20-Paper.pdf
2022	November	Irish Medium	MS=0	Foundation Tier, M6: Paper 1 (Non-calculator) 	https://ccea.org.uk/downloads/docs/Past-Papers/cleared/GCSE/GCSE%20Mathematics%20%282017%29/2022-November/Irish%20Medium/0/GCSE-Mathematics%20-504-November2022-Foundation%20Tier%2C%20M6%3A%20Paper%201%20%28Non-calculator%29%20-Paper.pdf
2022	November	Irish Medium	MS=0	Foundation Tier, M6: Paper 2 (With calculator)	https://ccea.org.uk/downloads/docs/Past-Papers/cleared/GCSE/GCSE%20Mathematics%20%282017%29/2022-November/Irish%20Medium/0/GCSE-Mathematics%20-504-November2022-Foundation%20Tier%2C%20M6%3A%20Paper%202%20%28With%20calculator%29-Paper.pdf
2023	Summer	Irish Medium	MS=0	Foundation Tier, M6: Paper 2 (With calculator)	https://ccea.org.uk/downloads/docs/Past-Papers/cleared/GCSE/GCSE%20Mathematics%20%282017%29/2023-Summer/Irish%20Medium/0/GCSE-Mathematics%20-504-Summer2023-Foundation%20Tier%2C%20M6%3A%20Paper%202%20%28With%20calculator%29-Paper_0.pdf
2023	November	Standard	MS=1	Higher Tier, M8: Paper 2 (With calculator) 	https://ccea.org.uk/downloads/docs/Past-Papers/cleared/GCSE/GCSE%20Mathematics%20%282017%29/2023-November/Standard/0/GCSE-Mathematics%20-504-November2023-Higher%20Tier%2C%20M8%3A%20Paper%202%20%28With%20calculator%29%20-MS.pdf
2023	November	Standard	MS=1	Higher Tier, M8: Paper 1 (Non-calculator)	https://ccea.org.uk/downloads/docs/Past-Papers/cleared/GCSE/GCSE%20Mathematics%20%282017%29/2023-November/Standard/0/GCSE-Mathematics%20-504-November2023-Higher%20Tier%2C%20M8%3A%20Paper%201%20%28Non-calculator%29-MS.pdf
2023	November	Standard	MS=1	Higher Tier, M7: Paper 2 (With calculator)	https://ccea.org.uk/downloads/docs/Past-Papers/cleared/GCSE/GCSE%20Mathematics%20%282017%29/2023-November/Standard/0/GCSE-Mathematics%20-504-November2023-Higher%20Tier%2C%20M7%3A%20Paper%202%20%28With%20calculator%29-MS.pdf
2023	November	Standard	MS=1	Higher Tier, M7: Paper 1 (Non-calculator)  	https://ccea.org.uk/downloads/docs/Past-Papers/cleared/GCSE/GCSE%20Mathematics%20%282017%29/2023-November/Standard/0/GCSE-Mathematics%20-504-November2023-Higher%20Tier%2C%20M7%3A%20Paper%201%20%28Non-calculator%29%20%20-MS.pdf
2023	November	Standard	MS=1	Foundation Tier, M6: Paper 2 (With calculator)	https://ccea.org.uk/downloads/docs/Past-Papers/cleared/GCSE/GCSE%20Mathematics%20%282017%29/2023-November/Standard/0/GCSE-Mathematics%20-504-November2023-Foundation%20Tier%2C%20M6%3A%20Paper%202%20%28With%20calculator%29-MS.pdf
2023	November	Standard	MS=1	Foundation Tier, M6: Paper 1 (Non-calculator) 	https://ccea.org.uk/downloads/docs/Past-Papers/cleared/GCSE/GCSE%20Mathematics%20%282017%29/2023-November/Standard/0/GCSE-Mathematics%20-504-November2023-Foundation%20Tier%2C%20M6%3A%20Paper%201%20%28Non-calculator%29%20-MS.pdf
2023	November	Standard	MS=1	Foundation Tier, M5: Paper 2 (With calculator)	https://ccea.org.uk/downloads/docs/Past-Papers/cleared/GCSE/GCSE%20Mathematics%20%282017%29/2023-November/Standard/0/GCSE-Mathematics%20-504-November2023-Foundation%20Tier%2C%20M5%3A%20Paper%202%20%28With%20calculator%29-MS.pdf
2023	November	Standard	MS=1	Foundation Tier, M5: Paper 1 (Non-calculator)	https://ccea.org.uk/downloads/docs/Past-Papers/cleared/GCSE/GCSE%20Mathematics%20%282017%29/2023-November/Standard/0/GCSE-Mathematics%20-504-November2023-Foundation%20Tier%2C%20M5%3A%20Paper%201%20%28Non-calculator%29-MS.pdf
2023	November	Standard	MS=1	Higher Tier, M4: (With calculator)	https://ccea.org.uk/downloads/docs/Past-Papers/cleared/GCSE/GCSE%20Mathematics%20%282017%29/2023-November/Standard/0/GCSE-Mathematics%20-504-November2023-Higher%20Tier%2C%20M4%3A%20%28With%20calculator%29-MS.pdf
2023	November	Standard	MS=1	Higher Tier, M3: (With calculator)	https://ccea.org.uk/downloads/docs/Past-Papers/cleared/GCSE/GCSE%20Mathematics%20%282017%29/2023-November/Standard/0/GCSE-Mathematics%20-504-November2023-Higher%20Tier%2C%20M3%3A%20%28With%20calculator%29-MS.pdf
2023	November	Standard	MS=1	Foundation Tier, M2: (With calculator) 	https://ccea.org.uk/downloads/docs/Past-Papers/cleared/GCSE/GCSE%20Mathematics%20%282017%29/2023-November/Standard/0/GCSE-Mathematics%20-504-November2023-Foundation%20Tier%2C%20M2%3A%20%28With%20calculator%29%20-MS.pdf
2023	November	Standard	MS=1	Foundation Tier, M1 (With calculator)	https://ccea.org.uk/downloads/docs/Past-Papers/cleared/GCSE/GCSE%20Mathematics%20%282017%29/2023-November/Standard/0/GCSE-Mathematics%20-504-November2023-Foundation%20Tier%2C%20M1%20%28With%20calculator%29-MS.pdf
2023	Summer	Modified	MS=0	Foundation Tier, M1 (With calculator) (ML)	https://ccea.org.uk/downloads/docs/Past-Papers/denied/GCSE/GCSE%20Mathematics%20%282017%29/2023-Summer/Modified/0/GCSE-Mathematics%20-504-Summer2023-Foundation%20Tier%2C%20M1%20%28With%20calculator%29%20%28ML%29-Paper.pdf
2023	Summer	Modified	MS=0	Foundation Tier, M1 (With calculator) (MV18)	https://ccea.org.uk/downloads/docs/Past-Papers/pending/GCSE/GCSE%20Mathematics%20%282017%29/2023-Summer/Modified/0/GCSE-Mathematics%20-504-Summer2023-Foundation%20Tier%2C%20M1%20%28With%20calculator%29%20%28MV18%29-Paper.pdf
2023	November	Standard	MS=0	Foundation Tier, M6: Paper 2 (With calculator)	https://ccea.org.uk/downloads/docs/Past-Papers/cleared/GCSE/GCSE%20Mathematics%20%282017%29/2023-November/Standard/0/GCSE-Mathematics%20-504-November2023-Foundation%20Tier%2C%20M6%3A%20Paper%202%20%28With%20calculator%29-Paper.pdf
2023	November	Standard	MS=0	Higher Tier, M8: Paper 2 (With calculator) 	https://ccea.org.uk/downloads/docs/Past-Papers/cleared/GCSE/GCSE%20Mathematics%20%282017%29/2023-November/Standard/0/GCSE-Mathematics%20-504-November2023-Higher%20Tier%2C%20M8%3A%20Paper%202%20%28With%20calculator%29%20-Paper.pdf
2023	November	Standard	MS=0	Higher Tier, M7: Paper 2 (With calculator)	https://ccea.org.uk/downloads/docs/Past-Papers/cleared/GCSE/GCSE%20Mathematics%20%282017%29/2023-November/Standard/0/GCSE-Mathematics%20-504-November2023-Higher%20Tier%2C%20M7%3A%20Paper%202%20%28With%20calculator%29-Paper.pdf
2023	November	Standard	MS=0	Higher Tier, M7: Paper 1 (Non-calculator)  	https://ccea.org.uk/downloads/docs/Past-Papers/cleared/GCSE/GCSE%20Mathematics%20%282017%29/2023-November/Standard/0/GCSE-Mathematics%20-504-November2023-Higher%20Tier%2C%20M7%3A%20Paper%201%20%28Non-calculator%29%20%20-Paper.pdf
2023	November	Standard	MS=0	Higher Tier, M8: Paper 1 (Non-calculator)	https://ccea.org.uk/downloads/docs/Past-Papers/cleared/GCSE/GCSE%20Mathematics%20%282017%29/2023-November/Standard/0/GCSE-Mathematics%20-504-November2023-Higher%20Tier%2C%20M8%3A%20Paper%201%20%28Non-calculator%29-Paper.pdf
2023	November	Standard	MS=0	Foundation Tier, M6: Paper 1 (Non-calculator) 	https://ccea.org.uk/downloads/docs/Past-Papers/cleared/GCSE/GCSE%20Mathematics%20%282017%29/2023-November/Standard/0/GCSE-Mathematics%20-504-November2023-Foundation%20Tier%2C%20M6%3A%20Paper%201%20%28Non-calculator%29%20-Paper.pdf
2023	November	Standard	MS=0	Foundation Tier, M5: Paper 2 (With calculator)	https://ccea.org.uk/downloads/docs/Past-Papers/cleared/GCSE/GCSE%20Mathematics%20%282017%29/2023-November/Standard/0/GCSE-Mathematics%20-504-November2023-Foundation%20Tier%2C%20M5%3A%20Paper%202%20%28With%20calculator%29-Paper.pdf
2023	November	Standard	MS=0	Foundation Tier, M5: Paper 1 (Non-Calculator)	https://ccea.org.uk/downloads/docs/Past-Papers/cleared/GCSE/GCSE%20Mathematics%20%282017%29/2023-November/Standard/0/GCSE-Mathematics%20-504-November2023-Foundation%20Tier%2C%20M5%3A%20Paper%201%20%28Non-Calculator%29-Paper.pdf
2023	November	Standard	MS=0	Higher Tier, M3: (With calculator)	https://ccea.org.uk/downloads/docs/Past-Papers/cleared/GCSE/GCSE%20Mathematics%20%282017%29/2023-November/Standard/0/GCSE-Mathematics%20-504-November2023-Higher%20Tier%2C%20M3%3A%20%28With%20calculator%29-Paper.pdf
2023	November	Standard	MS=0	Foundation Tier, M2: (With calculator) 	https://ccea.org.uk/downloads/docs/Past-Papers/cleared/GCSE/GCSE%20Mathematics%20%282017%29/2023-November/Standard/0/GCSE-Mathematics%20-504-November2023-Foundation%20Tier%2C%20M2%3A%20%28With%20calculator%29%20-Paper.pdf
2023	November	Standard	MS=0	Foundation Tier, M1 (With calculator)	https://ccea.org.uk/downloads/docs/Past-Papers/cleared/GCSE/GCSE%20Mathematics%20%282017%29/2023-November/Standard/0/GCSE-Mathematics%20-504-November2023-Foundation%20Tier%2C%20M1%20%28With%20calculator%29-Paper.pdf
2022	November	Irish Medium	MS=0	Foundation Tier, M1 (With calculator)	https://ccea.org.uk/downloads/docs/Past-Papers/cleared/GCSE/GCSE%20Mathematics%20%282017%29/2022-November/Irish%20Medium/0/GCSE-Mathematics%20-504-November2022-Foundation%20Tier%2C%20M1%20%28With%20calculator%29-Paper.pdf
2022	November	Irish Medium	MS=0	Higher Tier, M7: Paper 2 (With calculator)	https://ccea.org.uk/downloads/docs/Past-Papers/cleared/GCSE/GCSE%20Mathematics%20%282017%29/2022-November/Irish%20Medium/0/GCSE-Mathematics%20-504-November2022-Higher%20Tier%2C%20M7%3A%20Paper%202%20%28With%20calculator%29-Paper.pdf
2023	November	Standard	MS=0	Higher Tier, M4: (With calculator)	https://ccea.org.uk/downloads/docs/Past-Papers/cleared/GCSE/GCSE%20Mathematics%20%282017%29/2023-November/Standard/0/GCSE-Mathematics%20-504-November2023-Higher%20Tier%2C%20M4%3A%20%28With%20calculator%29-Paper.pdf
2023	Summer	Standard	MS=1	Higher Tier, M8: Paper 2 (With calculator) 	https://ccea.org.uk/downloads/docs/Past-Papers/cleared/GCSE/GCSE%20Mathematics%20%282017%29/2023-Summer/Standard/0/GCSE-Mathematics%20-504-Summer2023-Higher%20Tier%2C%20M8%3A%20Paper%202%20%28With%20calculator%29%20-MS.pdf
2023	Summer	Standard	MS=1	Higher Tier, M8: Paper 1 (Non-calculator)	https://ccea.org.uk/downloads/docs/Past-Papers/cleared/GCSE/GCSE%20Mathematics%20%282017%29/2023-Summer/Standard/0/GCSE-Mathematics%20-504-Summer2023-Higher%20Tier%2C%20M8%3A%20Paper%201%20%28Non-calculator%29-MS.pdf
2023	Summer	Standard	MS=1	Higher Tier, M7: Paper 2 (With calculator)	https://ccea.org.uk/downloads/docs/Past-Papers/cleared/GCSE/GCSE%20Mathematics%20%282017%29/2023-Summer/Standard/0/GCSE-Mathematics%20-504-Summer2023-Higher%20Tier%2C%20M7%3A%20Paper%202%20%28With%20calculator%29-MS.pdf
2023	Summer	Standard	MS=1	Higher Tier, M7: Paper 1 (Non-calculator)  	https://ccea.org.uk/downloads/docs/Past-Papers/cleared/GCSE/GCSE%20Mathematics%20%282017%29/2023-Summer/Standard/0/GCSE-Mathematics%20-504-Summer2023-Higher%20Tier%2C%20M7%3A%20Paper%201%20%28Non-calculator%29%20%20-MS.pdf
2023	Summer	Standard	MS=1	Foundation Tier, M6: Paper 2 (With calculator)	https://ccea.org.uk/downloads/docs/Past-Papers/cleared/GCSE/GCSE%20Mathematics%20%282017%29/2023-Summer/Standard/0/GCSE-Mathematics%20-504-Summer2023-Foundation%20Tier%2C%20M6%3A%20Paper%202%20%28With%20calculator%29-MS.pdf
2023	Summer	Standard	MS=1	Foundation Tier, M6: Paper 1 (Non-calculator) 	https://ccea.org.uk/downloads/docs/Past-Papers/cleared/GCSE/GCSE%20Mathematics%20%282017%29/2023-Summer/Standard/0/GCSE-Mathematics%20-504-Summer2023-Foundation%20Tier%2C%20M6%3A%20Paper%201%20%28Non-calculator%29%20-MS.pdf
2023	Summer	Standard	MS=1	Foundation Tier, M5: Paper 2 (With calculator)	https://ccea.org.uk/downloads/docs/Past-Papers/cleared/GCSE/GCSE%20Mathematics%20%282017%29/2023-Summer/Standard/0/GCSE-Mathematics%20-504-Summer2023-Foundation%20Tier%2C%20M5%3A%20Paper%202%20%28With%20calculator%29-MS.pdf
2023	Summer	Standard	MS=1	Foundation Tier, M5: Paper 1 (Non-Calculator)	https://ccea.org.uk/downloads/docs/Past-Papers/cleared/GCSE/GCSE%20Mathematics%20%282017%29/2023-Summer/Standard/0/GCSE-Mathematics%20-504-Summer2023-Foundation%20Tier%2C%20M5%3A%20Paper%201%20%28Non-Calculator%29-MS.pdf
2023	Summer	Standard	MS=1	Higher Tier, M4: (With calculator)	https://ccea.org.uk/downloads/docs/Past-Papers/cleared/GCSE/GCSE%20Mathematics%20%282017%29/2023-Summer/Standard/0/GCSE-Mathematics%20-504-Summer2023-Higher%20Tier%2C%20M4%3A%20%28With%20calculator%29-MS.pdf
2023	Summer	Standard	MS=1	Higher Tier, M3: (With calculator)	https://ccea.org.uk/downloads/docs/Past-Papers/cleared/GCSE/GCSE%20Mathematics%20%282017%29/2023-Summer/Standard/0/GCSE-Mathematics%20-504-Summer2023-Higher%20Tier%2C%20M3%3A%20%28With%20calculator%29-MS.pdf
2023	Summer	Standard	MS=1	Foundation Tier, M2: (With calculator) 	https://ccea.org.uk/downloads/docs/Past-Papers/cleared/GCSE/GCSE%20Mathematics%20%282017%29/2023-Summer/Standard/0/GCSE-Mathematics%20-504-Summer2023-Foundation%20Tier%2C%20M2%3A%20%28With%20calculator%29%20-MS.pdf
2023	Summer	Standard	MS=1	Foundation Tier, M1 (With calculator)	https://ccea.org.uk/downloads/docs/Past-Papers/cleared/GCSE/GCSE%20Mathematics%20%282017%29/2023-Summer/Standard/0/GCSE-Mathematics%20-504-Summer2023-Foundation%20Tier%2C%20M1%20%28With%20calculator%29-MS.pdf
2023	Summer	Modified	MS=0	Foundation Tier, M6: Paper 1 (Non-calculator) (MV24)	https://ccea.org.uk/downloads/docs/Past-Papers/cleared/GCSE/GCSE%20Mathematics%20%282017%29/2023-Summer/Modified/0/GCSE-Mathematics%20-504-Summer2023-Foundation%20Tier%2C%20M6%3A%20Paper%201%20%28Non-calculator%29%20%28MV24%29-Paper.pdf
2023	Summer	Irish Medium	MS=0	Foundation Tier, M6: Paper 1(Non-calculator) 	https://ccea.org.uk/downloads/docs/Past-Papers/cleared/GCSE/GCSE%20Mathematics%20%282017%29/2023-Summer/Irish%20Medium/0/GCSE-Mathematics%20-504-Summer2023-Foundation%20Tier%2C%20M6%3A%20Paper%201%28Non-calculator%29%20-Paper.pdf
2023	Summer	Modified	MS=0	Foundation Tier, M5: Paper 2 (With calculator) (MV24)	https://ccea.org.uk/downloads/docs/Past-Papers/cleared/GCSE/GCSE%20Mathematics%20%282017%29/2023-Summer/Modified/0/GCSE-Mathematics%20-504-Summer2023-Foundation%20Tier%2C%20M5%3A%20Paper%202%20%28With%20calculator%29%20%28MV24%29-Paper.pdf
2023	Summer	Irish Medium	MS=0	Higher Tier, M4: (With calculator)	https://ccea.org.uk/downloads/docs/Past-Papers/cleared/GCSE/GCSE%20Mathematics%20%282017%29/2023-Summer/Irish%20Medium/0/GCSE-Mathematics%20-504-Summer2023-Higher%20Tier%2C%20M4%3A%20%28With%20calculator%29-Paper.pdf
2023	Summer	Modified	MS=0	Foundation Tier, M2: (With calculator) (MV24)	https://ccea.org.uk/downloads/docs/Past-Papers/cleared/GCSE/GCSE%20Mathematics%20%282017%29/2023-Summer/Modified/0/GCSE-Mathematics%20-504-Summer2023-Foundation%20Tier%2C%20M2%3A%20%28With%20calculator%29%20%28MV24%29-Paper.pdf
2023	Summer	Irish Medium	MS=0	Foundation Tier, M2: (With calculator) 	https://ccea.org.uk/downloads/docs/Past-Papers/cleared/GCSE/GCSE%20Mathematics%20%282017%29/2023-Summer/Irish%20Medium/0/GCSE-Mathematics%20-504-Summer2023-Foundation%20Tier%2C%20M2%3A%20%28With%20calculator%29%20-Paper.pdf
2023	Summer	Modified	MS=0	Foundation Tier, M1: (With calculator) (MV24)	https://ccea.org.uk/downloads/docs/Past-Papers/cleared/GCSE/GCSE%20Mathematics%20%282017%29/2023-Summer/Modified/0/GCSE-Mathematics%20-504-Summer2023-Foundation%20Tier%2C%20M1%3A%20%28With%20calculator%29%20%28MV24%29-Paper.pdf
2023	Summer	Irish Medium	MS=0	Foundation Tier, M1: (With calculator)	https://ccea.org.uk/downloads/docs/Past-Papers/cleared/GCSE/GCSE%20Mathematics%20%282017%29/2023-Summer/Irish%20Medium/0/GCSE-Mathematics%20-504-Summer2023-Foundation%20Tier%2C%20M1%3A%20%28With%20calculator%29-Paper.pdf
2023	Summer	Standard	MS=0	Foundation Tier, M5: Paper 1 (Non-Calculator)	https://ccea.org.uk/downloads/docs/Past-Papers/cleared/GCSE/GCSE%20Mathematics%20%282017%29/2023-Summer/Standard/0/GCSE-Mathematics%20-504-Summer2023-Foundation%20Tier%2C%20M5%3A%20Paper%201%20%28Non-Calculator%29-Paper.pdf
2023	Summer	Standard	MS=0	Higher Tier, M7: Paper 1 (Non-calculator)  	https://ccea.org.uk/downloads/docs/Past-Papers/cleared/GCSE/GCSE%20Mathematics%20%282017%29/2023-Summer/Standard/0/GCSE-Mathematics%20-504-Summer2023-Higher%20Tier%2C%20M7%3A%20Paper%201%20%28Non-calculator%29%20%20-Paper.pdf
2023	Summer	Standard	MS=0	Foundation Tier, M6: Paper 1 (Non-calculator) 	https://ccea.org.uk/downloads/docs/Past-Papers/cleared/GCSE/GCSE%20Mathematics%20%282017%29/2023-Summer/Standard/0/GCSE-Mathematics%20-504-Summer2023-Foundation%20Tier%2C%20M6%3A%20Paper%201%20%28Non-calculator%29%20-Paper.pdf
2023	Summer	Standard	MS=0	Foundation Tier, M6: Paper 2 (With calculator)	https://ccea.org.uk/downloads/docs/Past-Papers/cleared/GCSE/GCSE%20Mathematics%20%282017%29/2023-Summer/Standard/0/GCSE-Mathematics%20-504-Summer2023-Foundation%20Tier%2C%20M6%3A%20Paper%202%20%28With%20calculator%29-Paper.pdf
2023	Summer	Standard	MS=0	Higher Tier, M7: Paper 2 (With calculator)	https://ccea.org.uk/downloads/docs/Past-Papers/cleared/GCSE/GCSE%20Mathematics%20%282017%29/2023-Summer/Standard/0/GCSE-Mathematics%20-504-Summer2023-Higher%20Tier%2C%20M7%3A%20Paper%202%20%28With%20calculator%29-Paper.pdf
2023	Summer	Standard	MS=0	Foundation Tier, M5: Paper 2 (With calculator)	https://ccea.org.uk/downloads/docs/Past-Papers/cleared/GCSE/GCSE%20Mathematics%20%282017%29/2023-Summer/Standard/0/GCSE-Mathematics%20-504-Summer2023-Foundation%20Tier%2C%20M5%3A%20Paper%202%20%28With%20calculator%29-Paper.pdf
2022	November	Standard	MS=0	Higher Tier, M8: Paper 2 (With calculator) 	https://ccea.org.uk/downloads/docs/Past-Papers/cleared/GCSE/GCSE%20Mathematics%20%282017%29/2022-November/Standard/0/GCSE-Mathematics%20-504-November2022-Higher%20Tier%2C%20M8%3A%20Paper%202%20%28With%20calculator%29%20-Paper.pdf
2022	November	Standard	MS=0	Higher Tier, M7: Paper 2 (With calculator)	https://ccea.org.uk/downloads/docs/Past-Papers/cleared/GCSE/GCSE%20Mathematics%20%282017%29/2022-November/Standard/0/GCSE-Mathematics%20-504-November2022-Higher%20Tier%2C%20M7%3A%20Paper%202%20%28With%20calculator%29-Paper.pdf
2022	November	Standard	MS=0	Foundation Tier, M6: Paper 2 (With calculator)	https://ccea.org.uk/downloads/docs/Past-Papers/cleared/GCSE/GCSE%20Mathematics%20%282017%29/2022-November/Standard/0/GCSE-Mathematics%20-504-November2022-Foundation%20Tier%2C%20M6%3A%20Paper%202%20%28With%20calculator%29-Paper.pdf
2022	November	Standard	MS=0	Foundation Tier, M5: Paper 2 (With calculator)	https://ccea.org.uk/downloads/docs/Past-Papers/cleared/GCSE/GCSE%20Mathematics%20%282017%29/2022-November/Standard/0/GCSE-Mathematics%20-504-November2022-Foundation%20Tier%2C%20M5%3A%20Paper%202%20%28With%20calculator%29-Paper.pdf
2022	November	Irish Medium	MS=0	Foundation Tier, M2: (With calculator) 	https://ccea.org.uk/downloads/docs/Past-Papers/cleared/GCSE/GCSE%20Mathematics%20%282017%29/2022-November/Irish%20Medium/0/GCSE-Mathematics%20-504-November2022-Foundation%20Tier%2C%20M2%3A%20%28With%20calculator%29%20-Paper.pdf
2022	November	Standard	MS=0	Foundation Tier, M2: (With calculator) 	https://ccea.org.uk/downloads/docs/Past-Papers/cleared/GCSE/GCSE%20Mathematics%20%282017%29/2022-November/Standard/0/GCSE-Mathematics%20-504-November2022-Foundation%20Tier%2C%20M2%3A%20%28With%20calculator%29%20-Paper.pdf
2022	November	Standard	MS=0	Foundation Tier, M1: (With calculator)	https://ccea.org.uk/downloads/docs/Past-Papers/cleared/GCSE/GCSE%20Mathematics%20%282017%29/2022-November/Standard/0/GCSE-Mathematics%20-504-November2022-Foundation%20Tier%2C%20M1%3A%20%28With%20calculator%29-Paper.pdf
2020	January	Standard	MS=1	Foundation Tier, M2: (With calculator) 	https://ccea.org.uk/downloads/docs/Past-Papers/cleared/GCSE/GCSE%20Mathematics%20%282017%29/2020-January/Standard/0/GCSE-Mathematics%20-504-January2020-Foundation%20Tier%2C%20M2%3A%20%28With%20calculator%29%20-MS.pdf
2023	Summer	Irish Medium	MS=0	Higher Tier, M3: (With calculator)	https://ccea.org.uk/downloads/docs/Past-Papers/cleared/GCSE/GCSE%20Mathematics%20%282017%29/2023-Summer/Irish%20Medium/0/GCSE-Mathematics%20-504-Summer2023-Higher%20Tier%2C%20M3%3A%20%28With%20calculator%29-Paper.pdf
2023	Summer	Standard	MS=0	Higher Tier, M3: (With calculator)	https://ccea.org.uk/downloads/docs/Past-Papers/cleared/GCSE/GCSE%20Mathematics%20%282017%29/2023-Summer/Standard/0/GCSE-Mathematics%20-504-Summer2023-Higher%20Tier%2C%20M3%3A%20%28With%20calculator%29-Paper.pdf
2023	Summer	Standard	MS=0	Foundation Tier, M2: (With calculator) 	https://ccea.org.uk/downloads/docs/Past-Papers/cleared/GCSE/GCSE%20Mathematics%20%282017%29/2023-Summer/Standard/0/GCSE-Mathematics%20-504-Summer2023-Foundation%20Tier%2C%20M2%3A%20%28With%20calculator%29%20-Paper.pdf
2023	Summer	Standard	MS=0	Foundation Tier, M1: (With calculator)	https://ccea.org.uk/downloads/docs/Past-Papers/cleared/GCSE/GCSE%20Mathematics%20%282017%29/2023-Summer/Standard/0/GCSE-Mathematics%20-504-Summer2023-Foundation%20Tier%2C%20M1%3A%20%28With%20calculator%29-Paper.pdf
2023	Summer	Standard	MS=0	Higher Tier, M8: Paper 2 (With calculator) 	https://ccea.org.uk/downloads/docs/Past-Papers/cleared/GCSE/GCSE%20Mathematics%20%282017%29/2023-Summer/Standard/0/GCSE-Mathematics%20-504-Summer2023-Higher%20Tier%2C%20M8%3A%20Paper%202%20%28With%20calculator%29%20-Paper.pdf
2023	Summer	Standard	MS=0	Higher Tier, M8: Paper 1 (Non-calculator)	https://ccea.org.uk/downloads/docs/Past-Papers/cleared/GCSE/GCSE%20Mathematics%20%282017%29/2023-Summer/Standard/0/GCSE-Mathematics%20-504-Summer2023-Higher%20Tier%2C%20M8%3A%20Paper%201%20%28Non-calculator%29-Paper.pdf
2023	Summer	Standard	MS=0	Higher Tier, M4: (With calculator)	https://ccea.org.uk/downloads/docs/Past-Papers/cleared/GCSE/GCSE%20Mathematics%20%282017%29/2023-Summer/Standard/0/GCSE-Mathematics%20-504-Summer2023-Higher%20Tier%2C%20M4%3A%20%28With%20calculator%29-Paper.pdf
2022	November	Standard	MS=0	Foundation Tier, M5: Paper 1 (Non-Calculator)	https://ccea.org.uk/downloads/docs/Past-Papers/cleared/GCSE/GCSE%20Mathematics%20%282017%29/2022-November/Standard/0/GCSE-Mathematics%20-504-November2022-Foundation%20Tier%2C%20M5%3A%20Paper%201%20%28Non-Calculator%29-Paper.pdf
2018	Summer	Standard	MS=0	Higher Tier, M3: (With calculator)	https://ccea.org.uk/downloads/docs/Past-Papers/cleared/GCSE/GCSE%20Mathematics%20%282017%29/2018-Summer/Standard/0/GCSE-Mathematics%20-504-Summer2018-Higher%20Tier%2C%20M3%3A%20%28With%20calculator%29-Paper.pdf
2022	November	Standard	MS=1	Higher Tier, M8: Paper 2 (With calculator)  	https://ccea.org.uk/downloads/docs/Past-Papers/cleared/GCSE/GCSE%20Mathematics%20%282017%29/2022-November/Standard/0/GCSE-Mathematics%20-504-November2022-Higher%20Tier%2C%20M8%3A%20Paper%202%20%28With%20calculator%29%20%20-MS.pdf
2022	November	Standard	MS=1	Higher Tier, M8: Paper 1 (Non-calculator) 	https://ccea.org.uk/downloads/docs/Past-Papers/cleared/GCSE/GCSE%20Mathematics%20%282017%29/2022-November/Standard/0/GCSE-Mathematics%20-504-November2022-Higher%20Tier%2C%20M8%3A%20Paper%201%20%28Non-calculator%29%20-MS.pdf
2022	November	Standard	MS=1	Higher Tier, M7: Paper 2 (With calculator) 	https://ccea.org.uk/downloads/docs/Past-Papers/cleared/GCSE/GCSE%20Mathematics%20%282017%29/2022-November/Standard/0/GCSE-Mathematics%20-504-November2022-Higher%20Tier%2C%20M7%3A%20Paper%202%20%28With%20calculator%29%20-MS.pdf
2022	November	Standard	MS=1	Higher Tier, M7: Paper 1 (Non-calculator)  	https://ccea.org.uk/downloads/docs/Past-Papers/cleared/GCSE/GCSE%20Mathematics%20%282017%29/2022-November/Standard/0/GCSE-Mathematics%20-504-November2022-Higher%20Tier%2C%20M7%3A%20Paper%201%20%28Non-calculator%29%20%20-MS.pdf
2022	November	Standard	MS=1	Foundation Tier, M6: Paper 2 (With calculator)	https://ccea.org.uk/downloads/docs/Past-Papers/cleared/GCSE/GCSE%20Mathematics%20%282017%29/2022-November/Standard/0/GCSE-Mathematics%20-504-November2022-Foundation%20Tier%2C%20M6%3A%20Paper%202%20%28With%20calculator%29-MS.pdf
2022	November	Standard	MS=1	Foundation Tier, M6: Paper 1 (Non-calculator) 	https://ccea.org.uk/downloads/docs/Past-Papers/cleared/GCSE/GCSE%20Mathematics%20%282017%29/2022-November/Standard/0/GCSE-Mathematics%20-504-November2022-Foundation%20Tier%2C%20M6%3A%20Paper%201%20%28Non-calculator%29%20-MS.pdf
2022	November	Standard	MS=1	Foundation Tier, M5: Paper 2 (With calculator)	https://ccea.org.uk/downloads/docs/Past-Papers/cleared/GCSE/GCSE%20Mathematics%20%282017%29/2022-November/Standard/0/GCSE-Mathematics%20-504-November2022-Foundation%20Tier%2C%20M5%3A%20Paper%202%20%28With%20calculator%29-MS.pdf
2022	November	Standard	MS=1	Foundation Tier, M5: Paper 1 (Non-calculator)	https://ccea.org.uk/downloads/docs/Past-Papers/cleared/GCSE/GCSE%20Mathematics%20%282017%29/2022-November/Standard/0/GCSE-Mathematics%20-504-November2022-Foundation%20Tier%2C%20M5%3A%20Paper%201%20%28Non-calculator%29-MS.pdf
2022	November	Standard	MS=1	Higher Tier, M4: (With calculator)	https://ccea.org.uk/downloads/docs/Past-Papers/cleared/GCSE/GCSE%20Mathematics%20%282017%29/2022-November/Standard/0/GCSE-Mathematics%20-504-November2022-Higher%20Tier%2C%20M4%3A%20%28With%20calculator%29-MS.pdf
2022	November	Standard	MS=1	Higher Tier, M3: (With calculator)	https://ccea.org.uk/downloads/docs/Past-Papers/cleared/GCSE/GCSE%20Mathematics%20%282017%29/2022-November/Standard/0/GCSE-Mathematics%20-504-November2022-Higher%20Tier%2C%20M3%3A%20%28With%20calculator%29-MS.pdf
2022	November	Standard	MS=1	Foundation Tier, M2: (With calculator) 	https://ccea.org.uk/downloads/docs/Past-Papers/cleared/GCSE/GCSE%20Mathematics%20%282017%29/2022-November/Standard/0/GCSE-Mathematics%20-504-November2022-Foundation%20Tier%2C%20M2%3A%20%28With%20calculator%29%20-MS.pdf
2022	November	Standard	MS=1	Foundation Tier, M1: (With calculator)	https://ccea.org.uk/downloads/docs/Past-Papers/cleared/GCSE/GCSE%20Mathematics%20%282017%29/2022-November/Standard/0/GCSE-Mathematics%20-504-November2022-Foundation%20Tier%2C%20M1%3A%20%28With%20calculator%29-MS.pdf
2018	Summer	Modified	MS=0	Higher Tier, M4 (With calculator) (MV18)	https://ccea.org.uk/downloads/docs/Past-Papers/cleared/GCSE/GCSE%20Mathematics%20%282017%29/2018-Summer/Modified/0/GCSE-Mathematics%20-504-Summer2018-Higher%20Tier%2C%20M4%20%28With%20calculator%29%20%28MV18%29-Paper.pdf
2019	Summer	Modified	MS=0	Higher Tier, M4 (With calculator) (MV18)	https://ccea.org.uk/downloads/docs/Past-Papers/cleared/GCSE/GCSE%20Mathematics%20%282017%29/2019-Summer/Modified/0/GCSE-Mathematics%20-504-Summer2019-Higher%20Tier%2C%20M4%20%28With%20calculator%29%20%28MV18%29-Paper.pdf
2018	Summer	Standard	MS=0	Foundation Tier, Unit M1 (With calculator)	https://ccea.org.uk/downloads/docs/Past-Papers/cleared/GCSE/GCSE%20Mathematics%20%282017%29/2018-Summer/Standard/0/GCSE-Mathematics%20-504-Summer2018-Foundation%20Tier%2C%20Unit%20M1%20%28With%20calculator%29-Paper_0.pdf
2022	November	Standard	MS=0	Higher Tier, M7: Paper 1 (Non-calculator)  	https://ccea.org.uk/downloads/docs/Past-Papers/cleared/GCSE/GCSE%20Mathematics%20%282017%29/2022-November/Standard/0/GCSE-Mathematics%20-504-November2022-Higher%20Tier%2C%20M7%3A%20Paper%201%20%28Non-calculator%29%20%20-Paper.pdf
2022	November	Standard	MS=0	Foundation Tier, M6: Paper 1 (Non-calculator) 	https://ccea.org.uk/downloads/docs/Past-Papers/cleared/GCSE/GCSE%20Mathematics%20%282017%29/2022-November/Standard/0/GCSE-Mathematics%20-504-November2022-Foundation%20Tier%2C%20M6%3A%20Paper%201%20%28Non-calculator%29%20-Paper.pdf
2022	November	Standard	MS=0	Higher Tier, M4: (With calculator)	https://ccea.org.uk/downloads/docs/Past-Papers/cleared/GCSE/GCSE%20Mathematics%20%282017%29/2022-November/Standard/0/GCSE-Mathematics%20-504-November2022-Higher%20Tier%2C%20M4%3A%20%28With%20calculator%29-Paper.pdf
2022	November	Standard	MS=0	Higher Tier, M3: (With calculator)	https://ccea.org.uk/downloads/docs/Past-Papers/cleared/GCSE/GCSE%20Mathematics%20%282017%29/2022-November/Standard/0/GCSE-Mathematics%20-504-November2022-Higher%20Tier%2C%20M3%3A%20%28With%20calculator%29-Paper.pdf
2022	November	Standard	MS=0	Higher Tier, M8: Paper 1 (Non-calculator)	https://ccea.org.uk/downloads/docs/Past-Papers/cleared/GCSE/GCSE%20Mathematics%20%282017%29/2022-November/Standard/0/GCSE-Mathematics%20-504-November2022-Higher%20Tier%2C%20M8%3A%20Paper%201%20%28Non-calculator%29-Paper.pdf
2022	Summer	Standard	MS=0	Foundation Tier, M1 (With calculator)	https://ccea.org.uk/downloads/docs/Past-Papers/cleared/GCSE/GCSE%20Mathematics%20%282017%29/2022-Summer/Standard/0/GCSE-Mathematics%20-504-Summer2022-Foundation%20Tier%2C%20M1%20%28With%20calculator%29-Paper.pdf
2022	Summer	Standard	MS=1	Higher Tier, M8: Paper 2 (With calculator) 	https://ccea.org.uk/downloads/docs/Past-Papers/cleared/GCSE/GCSE%20Mathematics%20%282017%29/2022-Summer/Standard/0/GCSE-Mathematics%20-504-Summer2022-Higher%20Tier%2C%20M8%3A%20Paper%202%20%28With%20calculator%29%20-MS.pdf
2022	Summer	Standard	MS=1	Higher Tier, M8: Paper 1 (Non-calculator)	https://ccea.org.uk/downloads/docs/Past-Papers/cleared/GCSE/GCSE%20Mathematics%20%282017%29/2022-Summer/Standard/0/GCSE-Mathematics%20-504-Summer2022-Higher%20Tier%2C%20M8%3A%20Paper%201%20%28Non-calculator%29-MS.pdf
2022	Summer	Standard	MS=1	Higher Tier, M7: Paper 2 (With calculator)	https://ccea.org.uk/downloads/docs/Past-Papers/cleared/GCSE/GCSE%20Mathematics%20%282017%29/2022-Summer/Standard/0/GCSE-Mathematics%20-504-Summer2022-Higher%20Tier%2C%20M7%3A%20Paper%202%20%28With%20calculator%29-MS.pdf
2022	Summer	Standard	MS=1	Higher Tier, M7: Paper 1 (Non-calculator)  	https://ccea.org.uk/downloads/docs/Past-Papers/cleared/GCSE/GCSE%20Mathematics%20%282017%29/2022-Summer/Standard/0/GCSE-Mathematics%20-504-Summer2022-Higher%20Tier%2C%20M7%3A%20Paper%201%20%28Non-calculator%29%20%20-MS.pdf
2022	Summer	Standard	MS=1	Foundation Tier, M6: Paper 2 (With calculator)	https://ccea.org.uk/downloads/docs/Past-Papers/cleared/GCSE/GCSE%20Mathematics%20%282017%29/2022-Summer/Standard/0/GCSE-Mathematics%20-504-Summer2022-Foundation%20Tier%2C%20M6%3A%20Paper%202%20%28With%20calculator%29-MS.pdf
2022	Summer	Standard	MS=1	Foundation Tier, M6: Paper 1 (Non-calculator) 	https://ccea.org.uk/downloads/docs/Past-Papers/cleared/GCSE/GCSE%20Mathematics%20%282017%29/2022-Summer/Standard/0/GCSE-Mathematics%20-504-Summer2022-Foundation%20Tier%2C%20M6%3A%20Paper%201%20%28Non-calculator%29%20-MS.pdf
2022	Summer	Standard	MS=1	Foundation Tier, M5: Paper 2 (With calculator)	https://ccea.org.uk/downloads/docs/Past-Papers/cleared/GCSE/GCSE%20Mathematics%20%282017%29/2022-Summer/Standard/0/GCSE-Mathematics%20-504-Summer2022-Foundation%20Tier%2C%20M5%3A%20Paper%202%20%28With%20calculator%29-MS.pdf
2022	Summer	Standard	MS=1	Foundation Tier, M5: Paper 1 (Non-Calculator)	https://ccea.org.uk/downloads/docs/Past-Papers/cleared/GCSE/GCSE%20Mathematics%20%282017%29/2022-Summer/Standard/0/GCSE-Mathematics%20-504-Summer2022-Foundation%20Tier%2C%20M5%3A%20Paper%201%20%28Non-Calculator%29-MS.pdf
2022	Summer	Standard	MS=1	Higher Tier, M4: (With calculator)	https://ccea.org.uk/downloads/docs/Past-Papers/cleared/GCSE/GCSE%20Mathematics%20%282017%29/2022-Summer/Standard/0/GCSE-Mathematics%20-504-Summer2022-Higher%20Tier%2C%20M4%3A%20%28With%20calculator%29-MS.pdf
2022	Summer	Standard	MS=1	Higher Tier, M3: (With calculator)	https://ccea.org.uk/downloads/docs/Past-Papers/cleared/GCSE/GCSE%20Mathematics%20%282017%29/2022-Summer/Standard/0/GCSE-Mathematics%20-504-Summer2022-Higher%20Tier%2C%20M3%3A%20%28With%20calculator%29-MS.pdf
2022	Summer	Standard	MS=1	Foundation Tier, M2: (With calculator) 	https://ccea.org.uk/downloads/docs/Past-Papers/cleared/GCSE/GCSE%20Mathematics%20%282017%29/2022-Summer/Standard/0/GCSE-Mathematics%20-504-Summer2022-Foundation%20Tier%2C%20M2%3A%20%28With%20calculator%29%20-MS.pdf
2022	Summer	Standard	MS=1	Foundation Tier, M1 (With calculator)	https://ccea.org.uk/downloads/docs/Past-Papers/cleared/GCSE/GCSE%20Mathematics%20%282017%29/2022-Summer/Standard/0/GCSE-Mathematics%20-504-Summer2022-Foundation%20Tier%2C%20M1%20%28With%20calculator%29-MS.pdf
2022	Summer	Modified	MS=0	Higher Tier, M8: Paper 2 (With calculator) (MV24)	https://ccea.org.uk/downloads/docs/Past-Papers/cleared/GCSE/GCSE%20Mathematics%20%282017%29/2022-Summer/Modified/0/GCSE-Mathematics%20-504-Summer2022-Higher%20Tier%2C%20M8%3A%20Paper%202%20%28With%20calculator%29%20%28MV24%29-Paper.pdf
2022	Summer	Modified	MS=0	Higher Tier, M8: Paper 2 (With calculator) (MV18)	https://ccea.org.uk/downloads/docs/Past-Papers/cleared/GCSE/GCSE%20Mathematics%20%282017%29/2022-Summer/Modified/0/GCSE-Mathematics%20-504-Summer2022-Higher%20Tier%2C%20M8%3A%20Paper%202%20%28With%20calculator%29%20%28MV18%29-Paper.pdf
2022	Summer	Modified	MS=0	Higher Tier, M8: Paper 1 (Non-calculator) (MV24)	https://ccea.org.uk/downloads/docs/Past-Papers/cleared/GCSE/GCSE%20Mathematics%20%282017%29/2022-Summer/Modified/0/GCSE-Mathematics%20-504-Summer2022-Higher%20Tier%2C%20M8%3A%20Paper%201%20%28Non-calculator%29%20%28MV24%29-Paper.pdf
2022	Summer	Modified	MS=0	Higher Tier, M8: Paper 1 (Non-calculator) (MV18)	https://ccea.org.uk/downloads/docs/Past-Papers/cleared/GCSE/GCSE%20Mathematics%20%282017%29/2022-Summer/Modified/0/GCSE-Mathematics%20-504-Summer2022-Higher%20Tier%2C%20M8%3A%20Paper%201%20%28Non-calculator%29%20%28MV18%29-Paper.pdf
2022	Summer	Modified	MS=0	Higher Tier, M7: Paper 2 (With calculator) (MV18)	https://ccea.org.uk/downloads/docs/Past-Papers/cleared/GCSE/GCSE%20Mathematics%20%282017%29/2022-Summer/Modified/0/GCSE-Mathematics%20-504-Summer2022-Higher%20Tier%2C%20M7%3A%20Paper%202%20%28With%20calculator%29%20%28MV18%29-Paper.pdf
2022	Summer	Modified	MS=0	Higher Tier, M7: Paper 1 (Non-calculator)  (MV18)	https://ccea.org.uk/downloads/docs/Past-Papers/cleared/GCSE/GCSE%20Mathematics%20%282017%29/2022-Summer/Modified/0/GCSE-Mathematics%20-504-Summer2022-Higher%20Tier%2C%20M7%3A%20Paper%201%20%28Non-calculator%29%20%20%28MV18%29-Paper.pdf
2022	Summer	Modified	MS=0	Foundation Tier, M6: Paper 2 (With calculator) (MV24)	https://ccea.org.uk/downloads/docs/Past-Papers/cleared/GCSE/GCSE%20Mathematics%20%282017%29/2022-Summer/Modified/0/GCSE-Mathematics%20-504-Summer2022-Foundation%20Tier%2C%20M6%3A%20Paper%202%20%28With%20calculator%29%20%28MV24%29-Paper.pdf
2022	Summer	Modified	MS=0	Foundation Tier, M6: Paper 2 (With calculator) (MV18)	https://ccea.org.uk/downloads/docs/Past-Papers/cleared/GCSE/GCSE%20Mathematics%20%282017%29/2022-Summer/Modified/0/GCSE-Mathematics%20-504-Summer2022-Foundation%20Tier%2C%20M6%3A%20Paper%202%20%28With%20calculator%29%20%28MV18%29-Paper.pdf
2022	Summer	Modified	MS=0	Foundation Tier, M6: Paper 1 (Non-calculator) (MV24)	https://ccea.org.uk/downloads/docs/Past-Papers/cleared/GCSE/GCSE%20Mathematics%20%282017%29/2022-Summer/Modified/0/GCSE-Mathematics%20-504-Summer2022-Foundation%20Tier%2C%20M6%3A%20Paper%201%20%28Non-calculator%29%20%28MV24%29-Paper.pdf
2022	Summer	Modified	MS=0	Foundation Tier, M6: Paper 1 (Non-calculator) (MV18)	https://ccea.org.uk/downloads/docs/Past-Papers/cleared/GCSE/GCSE%20Mathematics%20%282017%29/2022-Summer/Modified/0/GCSE-Mathematics%20-504-Summer2022-Foundation%20Tier%2C%20M6%3A%20Paper%201%20%28Non-calculator%29%20%28MV18%29-Paper.pdf
2022	Summer	Modified	MS=0	Foundation Tier, M5: Paper 2 (With calculator) (MV24)	https://ccea.org.uk/downloads/docs/Past-Papers/cleared/GCSE/GCSE%20Mathematics%20%282017%29/2022-Summer/Modified/0/GCSE-Mathematics%20-504-Summer2022-Foundation%20Tier%2C%20M5%3A%20Paper%202%20%28With%20calculator%29%20%28MV24%29-Paper.pdf
2022	Summer	Modified	MS=0	Foundation Tier, M5: Paper 2 (With calculator) (MV18)	https://ccea.org.uk/downloads/docs/Past-Papers/cleared/GCSE/GCSE%20Mathematics%20%282017%29/2022-Summer/Modified/0/GCSE-Mathematics%20-504-Summer2022-Foundation%20Tier%2C%20M5%3A%20Paper%202%20%28With%20calculator%29%20%28MV18%29-Paper.pdf
2022	Summer	Modified	MS=0	Foundation Tier, M5: Paper 1 (Non-Calculator) (MV24)	https://ccea.org.uk/downloads/docs/Past-Papers/cleared/GCSE/GCSE%20Mathematics%20%282017%29/2022-Summer/Modified/0/GCSE-Mathematics%20-504-Summer2022-Foundation%20Tier%2C%20M5%3A%20Paper%201%20%28Non-Calculator%29%20%28MV24%29-Paper.pdf
2022	Summer	Modified	MS=0	Foundation Tier, M5: Paper 1 (Non-Calculator) (MV18)	https://ccea.org.uk/downloads/docs/Past-Papers/cleared/GCSE/GCSE%20Mathematics%20%282017%29/2022-Summer/Modified/0/GCSE-Mathematics%20-504-Summer2022-Foundation%20Tier%2C%20M5%3A%20Paper%201%20%28Non-Calculator%29%20%28MV18%29-Paper.pdf
2022	Summer	Irish Medium	MS=0	Higher Tier, M8: Paper 2 (With calculator) 	https://ccea.org.uk/downloads/docs/Past-Papers/cleared/GCSE/GCSE%20Mathematics%20%282017%29/2022-Summer/Irish%20Medium/0/GCSE-Mathematics%20-504-Summer2022-Higher%20Tier%2C%20M8%3A%20Paper%202%20%28With%20calculator%29%20-Paper.pdf
2022	Summer	Irish Medium	MS=0	Higher Tier, M8: Paper 1 (Non-calculator)	https://ccea.org.uk/downloads/docs/Past-Papers/cleared/GCSE/GCSE%20Mathematics%20%282017%29/2022-Summer/Irish%20Medium/0/GCSE-Mathematics%20-504-Summer2022-Higher%20Tier%2C%20M8%3A%20Paper%201%20%28Non-calculator%29-Paper.pdf
2022	Summer	Irish Medium	MS=0	Higher Tier, M7: Paper 2 (With calculator)	https://ccea.org.uk/downloads/docs/Past-Papers/cleared/GCSE/GCSE%20Mathematics%20%282017%29/2022-Summer/Irish%20Medium/0/GCSE-Mathematics%20-504-Summer2022-Higher%20Tier%2C%20M7%3A%20Paper%202%20%28With%20calculator%29-Paper.pdf
2022	Summer	Irish Medium	MS=0	Higher Tier, M7: Paper 1 (Non-calculator)  	https://ccea.org.uk/downloads/docs/Past-Papers/cleared/GCSE/GCSE%20Mathematics%20%282017%29/2022-Summer/Irish%20Medium/0/GCSE-Mathematics%20-504-Summer2022-Higher%20Tier%2C%20M7%3A%20Paper%201%20%28Non-calculator%29%20%20-Paper.pdf
2022	Summer	Irish Medium	MS=0	Foundation Tier, M6: Paper 2 (With calculator)	https://ccea.org.uk/downloads/docs/Past-Papers/cleared/GCSE/GCSE%20Mathematics%20%282017%29/2022-Summer/Irish%20Medium/0/GCSE-Mathematics%20-504-Summer2022-Foundation%20Tier%2C%20M6%3A%20Paper%202%20%28With%20calculator%29-Paper.pdf
2022	Summer	Irish Medium	MS=0	Foundation Tier, M6: Paper 1 (Non-calculator) 	https://ccea.org.uk/downloads/docs/Past-Papers/cleared/GCSE/GCSE%20Mathematics%20%282017%29/2022-Summer/Irish%20Medium/0/GCSE-Mathematics%20-504-Summer2022-Foundation%20Tier%2C%20M6%3A%20Paper%201%20%28Non-calculator%29%20-Paper.pdf
2022	Summer	Irish Medium	MS=0	Higher Tier, M4: (With calculator)	https://ccea.org.uk/downloads/docs/Past-Papers/cleared/GCSE/GCSE%20Mathematics%20%282017%29/2022-Summer/Irish%20Medium/0/GCSE-Mathematics%20-504-Summer2022-Higher%20Tier%2C%20M4%3A%20%28With%20calculator%29-Paper.pdf
2022	Summer	Irish Medium	MS=0	Higher Tier, M3: (With calculator)	https://ccea.org.uk/downloads/docs/Past-Papers/cleared/GCSE/GCSE%20Mathematics%20%282017%29/2022-Summer/Irish%20Medium/0/GCSE-Mathematics%20-504-Summer2022-Higher%20Tier%2C%20M3%3A%20%28With%20calculator%29-Paper.pdf
2022	Summer	Irish Medium	MS=0	Foundation Tier, M2: (With calculator) 	https://ccea.org.uk/downloads/docs/Past-Papers/cleared/GCSE/GCSE%20Mathematics%20%282017%29/2022-Summer/Irish%20Medium/0/GCSE-Mathematics%20-504-Summer2022-Foundation%20Tier%2C%20M2%3A%20%28With%20calculator%29%20-Paper.pdf
2022	Summer	Standard	MS=0	Higher Tier,  M7: Paper 2 (With calculator) 	https://ccea.org.uk/downloads/docs/Past-Papers/cleared/GCSE/GCSE%20Mathematics%20%282017%29/2022-Summer/Standard/0/GCSE-Mathematics%20-504-Summer2022-Higher%20Tier%2C%20%20M7%3A%20Paper%202%20%28With%20calculator%29%20-Paper.pdf
2022	Summer	Standard	MS=0	Higher Tier, M8: Paper 2 (With calculator) 	https://ccea.org.uk/downloads/docs/Past-Papers/cleared/GCSE/GCSE%20Mathematics%20%282017%29/2022-Summer/Standard/0/GCSE-Mathematics%20-504-Summer2022-Higher%20Tier%2C%20M8%3A%20Paper%202%20%28With%20calculator%29%20-Paper.pdf
2022	Summer	Standard	MS=0	Higher Tier, M8: Paper 1 (Non-calculator) 	https://ccea.org.uk/downloads/docs/Past-Papers/cleared/GCSE/GCSE%20Mathematics%20%282017%29/2022-Summer/Standard/0/GCSE-Mathematics%20-504-Summer2022-Higher%20Tier%2C%20M8%3A%20Paper%201%20%28Non-calculator%29%20-Paper.pdf
2022	Summer	Standard	MS=0	Higher Tier, M7: Paper 1 (Non-calculator)  	https://ccea.org.uk/downloads/docs/Past-Papers/cleared/GCSE/GCSE%20Mathematics%20%282017%29/2022-Summer/Standard/0/GCSE-Mathematics%20-504-Summer2022-Higher%20Tier%2C%20M7%3A%20Paper%201%20%28Non-calculator%29%20%20-Paper.pdf
2022	Summer	Standard	MS=0	Foundation Tier, M6: Paper 2 (With calculator)	https://ccea.org.uk/downloads/docs/Past-Papers/cleared/GCSE/GCSE%20Mathematics%20%282017%29/2022-Summer/Standard/0/GCSE-Mathematics%20-504-Summer2022-Foundation%20Tier%2C%20M6%3A%20Paper%202%20%28With%20calculator%29-Paper.pdf
2022	Summer	Standard	MS=0	Foundation Tier, M6: Paper 1 (Non-calculator) 	https://ccea.org.uk/downloads/docs/Past-Papers/cleared/GCSE/GCSE%20Mathematics%20%282017%29/2022-Summer/Standard/0/GCSE-Mathematics%20-504-Summer2022-Foundation%20Tier%2C%20M6%3A%20Paper%201%20%28Non-calculator%29%20-Paper.pdf
2022	Summer	Standard	MS=0	Foundation Tier, M5: Paper 2 (With calculator) 	https://ccea.org.uk/downloads/docs/Past-Papers/cleared/GCSE/GCSE%20Mathematics%20%282017%29/2022-Summer/Standard/0/GCSE-Mathematics%20-504-Summer2022-Foundation%20Tier%2C%20M5%3A%20Paper%202%20%28With%20calculator%29%20-Paper.pdf
2022	Summer	Standard	MS=0	Foundation Tier, M5: Paper 1 (Non-calculator)	https://ccea.org.uk/downloads/docs/Past-Papers/cleared/GCSE/GCSE%20Mathematics%20%282017%29/2022-Summer/Standard/0/GCSE-Mathematics%20-504-Summer2022-Foundation%20Tier%2C%20M5%3A%20Paper%201%20%28Non-calculator%29-Paper.pdf
2022	Summer	Standard	MS=0	Higher Tier, M3: (With calculator)	https://ccea.org.uk/downloads/docs/Past-Papers/cleared/GCSE/GCSE%20Mathematics%20%282017%29/2022-Summer/Standard/0/GCSE-Mathematics%20-504-Summer2022-Higher%20Tier%2C%20M3%3A%20%28With%20calculator%29-Paper.pdf
2022	Summer	Standard	MS=0	Foundation Tier, M2: (With calculator) 	https://ccea.org.uk/downloads/docs/Past-Papers/cleared/GCSE/GCSE%20Mathematics%20%282017%29/2022-Summer/Standard/0/GCSE-Mathematics%20-504-Summer2022-Foundation%20Tier%2C%20M2%3A%20%28With%20calculator%29%20-Paper.pdf
2022	Summer	Standard	MS=0	Higher Tier, M4: (With calculator)	https://ccea.org.uk/downloads/docs/Past-Papers/cleared/GCSE/GCSE%20Mathematics%20%282017%29/2022-Summer/Standard/0/GCSE-Mathematics%20-504-Summer2022-Higher%20Tier%2C%20M4%3A%20%28With%20calculator%29-Paper.pdf
2021	November	Standard	MS=1	Higher Tier, M8: Paper 2 (With calculator)	https://ccea.org.uk/downloads/docs/Past-Papers/cleared/GCSE/GCSE%20Mathematics%20%282017%29/2021-November/Standard/0/GCSE-Mathematics%20-504-November2021-Higher%20Tier%2C%20M8%3A%20Paper%202%20%28With%20calculator%29-MS.pdf
2021	November	Standard	MS=1	Higher Tier, M8: Paper 1 (Non-Calculator)	https://ccea.org.uk/downloads/docs/Past-Papers/cleared/GCSE/GCSE%20Mathematics%20%282017%29/2021-November/Standard/0/GCSE-Mathematics%20-504-November2021-Higher%20Tier%2C%20M8%3A%20Paper%201%20%28Non-Calculator%29-MS.pdf
2021	November	Standard	MS=1	Higher Tier, M7: Paper 2 (With calculator)	https://ccea.org.uk/downloads/docs/Past-Papers/cleared/GCSE/GCSE%20Mathematics%20%282017%29/2021-November/Standard/0/GCSE-Mathematics%20-504-November2021-Higher%20Tier%2C%20M7%3A%20Paper%202%20%28With%20calculator%29-MS.pdf
2021	November	Standard	MS=1	Higher Tier, M7: Paper 1 (Non-Calculator)	https://ccea.org.uk/downloads/docs/Past-Papers/cleared/GCSE/GCSE%20Mathematics%20%282017%29/2021-November/Standard/0/GCSE-Mathematics%20-504-November2021-Higher%20Tier%2C%20M7%3A%20Paper%201%20%28Non-Calculator%29-MS.pdf
2021	November	Standard	MS=1	Foundation Tier, M6: Paper 2 (With calculator)	https://ccea.org.uk/downloads/docs/Past-Papers/cleared/GCSE/GCSE%20Mathematics%20%282017%29/2021-November/Standard/0/GCSE-Mathematics%20-504-November2021-Foundation%20Tier%2C%20M6%3A%20Paper%202%20%28With%20calculator%29-MS.pdf
2021	November	Standard	MS=1	Foundation Tier, M6: Paper 1 (Non-Calculator)	https://ccea.org.uk/downloads/docs/Past-Papers/cleared/GCSE/GCSE%20Mathematics%20%282017%29/2021-November/Standard/0/GCSE-Mathematics%20-504-November2021-Foundation%20Tier%2C%20M6%3A%20Paper%201%20%28Non-Calculator%29-MS.pdf
2021	November	Standard	MS=1	Foundation Tier, M5: Paper 2 (With calculator)	https://ccea.org.uk/downloads/docs/Past-Papers/cleared/GCSE/GCSE%20Mathematics%20%282017%29/2021-November/Standard/0/GCSE-Mathematics%20-504-November2021-Foundation%20Tier%2C%20M5%3A%20Paper%202%20%28With%20calculator%29-MS.pdf
2021	November	Standard	MS=1	Foundation Tier, M5: Paper 1 (Non-Calculator)	https://ccea.org.uk/downloads/docs/Past-Papers/cleared/GCSE/GCSE%20Mathematics%20%282017%29/2021-November/Standard/0/GCSE-Mathematics%20-504-November2021-Foundation%20Tier%2C%20M5%3A%20Paper%201%20%28Non-Calculator%29-MS.pdf
2021	November	Standard	MS=1	Higher Tier, M4: (With calculator)	https://ccea.org.uk/downloads/docs/Past-Papers/cleared/GCSE/GCSE%20Mathematics%20%282017%29/2021-November/Standard/0/GCSE-Mathematics%20-504-November2021-Higher%20Tier%2C%20M4%3A%20%28With%20calculator%29-MS.pdf
2021	November	Standard	MS=1	Higher Tier, M3: (With calculator)	https://ccea.org.uk/downloads/docs/Past-Papers/cleared/GCSE/GCSE%20Mathematics%20%282017%29/2021-November/Standard/0/GCSE-Mathematics%20-504-November2021-Higher%20Tier%2C%20M3%3A%20%28With%20calculator%29-MS.pdf
2021	November	Standard	MS=1	Foundation Tier, M2: (With calculator)	https://ccea.org.uk/downloads/docs/Past-Papers/cleared/GCSE/GCSE%20Mathematics%20%282017%29/2021-November/Standard/0/GCSE-Mathematics%20-504-November2021-Foundation%20Tier%2C%20M2%3A%20%28With%20calculator%29-MS.pdf
2021	November	Standard	MS=1	Foundation Tier, MI: (With Calculator)	https://ccea.org.uk/downloads/docs/Past-Papers/cleared/GCSE/GCSE%20Mathematics%20%282017%29/2021-November/Standard/0/GCSE-Mathematics%20-504-November2021-Foundation%20Tier%2C%20MI%3A%20%28With%20Calculator%29-MS.pdf
2021	November	Standard	MS=0	Foundation Tier, M5: Paper 1 (Non-Calculator)	https://ccea.org.uk/downloads/docs/Past-Papers/cleared/GCSE/GCSE%20Mathematics%20%282017%29/2021-November/Standard/0/GCSE-Mathematics%20-504-November2021-Foundation%20Tier%2C%20M5%3A%20Paper%201%20%28Non-Calculator%29-Paper.pdf
2021	November	Standard	MS=0	Foundation Tier, M6: Paper 1 (Non-Calculator) 	https://ccea.org.uk/downloads/docs/Past-Papers/cleared/GCSE/GCSE%20Mathematics%20%282017%29/2021-November/Standard/0/GCSE-Mathematics%20-504-November2021-Foundation%20Tier%2C%20M6%3A%20Paper%201%20%28Non-Calculator%29%20-Paper.pdf
2021	Summer	Standard	MS=0	Foundation Tier, M2: (With calculator)	https://ccea.org.uk/downloads/docs/Past-Papers/cleared/GCSE/GCSE%20Mathematics%20%282017%29/2021-Summer/Standard/0/GCSE-Mathematics%20-504-Summer2021-Foundation%20Tier%2C%20M2%3A%20%28With%20calculator%29-Paper_0.pdf
2021	November	Standard	MS=0	Higher Tier, M7: Paper 1 (Non-calculator) 	https://ccea.org.uk/downloads/docs/Past-Papers/cleared/GCSE/GCSE%20Mathematics%20%282017%29/2021-November/Standard/0/GCSE-Mathematics%20-504-November2021-Higher%20Tier%2C%20M7%3A%20Paper%201%20%28Non-calculator%29%20-Paper.pdf
2021	November	Standard	MS=0	Higher Tier, M8: Paper 2 (With calculator)	https://ccea.org.uk/downloads/docs/Past-Papers/cleared/GCSE/GCSE%20Mathematics%20%282017%29/2021-November/Standard/0/GCSE-Mathematics%20-504-November2021-Higher%20Tier%2C%20M8%3A%20Paper%202%20%28With%20calculator%29-Paper.pdf
2021	November	Standard	MS=0	Higher Tier, M8: Paper 1 (Non-Calculator)	https://ccea.org.uk/downloads/docs/Past-Papers/cleared/GCSE/GCSE%20Mathematics%20%282017%29/2021-November/Standard/0/GCSE-Mathematics%20-504-November2021-Higher%20Tier%2C%20M8%3A%20Paper%201%20%28Non-Calculator%29-Paper.pdf
2021	November	Standard	MS=0	Higher Tier, M7: Paper 2 (With calculator)	https://ccea.org.uk/downloads/docs/Past-Papers/cleared/GCSE/GCSE%20Mathematics%20%282017%29/2021-November/Standard/0/GCSE-Mathematics%20-504-November2021-Higher%20Tier%2C%20M7%3A%20Paper%202%20%28With%20calculator%29-Paper.pdf
2021	November	Standard	MS=0	Foundation Tier, M6: Paper 2 (With calculator)	https://ccea.org.uk/downloads/docs/Past-Papers/cleared/GCSE/GCSE%20Mathematics%20%282017%29/2021-November/Standard/0/GCSE-Mathematics%20-504-November2021-Foundation%20Tier%2C%20M6%3A%20Paper%202%20%28With%20calculator%29-Paper.pdf
2021	November	Standard	MS=0	Foundation Tier, M5: Paper 2 (With calculator)	https://ccea.org.uk/downloads/docs/Past-Papers/cleared/GCSE/GCSE%20Mathematics%20%282017%29/2021-November/Standard/0/GCSE-Mathematics%20-504-November2021-Foundation%20Tier%2C%20M5%3A%20Paper%202%20%28With%20calculator%29-Paper.pdf
2021	November	Standard	MS=0	Higher Tier, M4: (With calculator)	https://ccea.org.uk/downloads/docs/Past-Papers/cleared/GCSE/GCSE%20Mathematics%20%282017%29/2021-November/Standard/0/GCSE-Mathematics%20-504-November2021-Higher%20Tier%2C%20M4%3A%20%28With%20calculator%29-Paper.pdf
2021	November	Standard	MS=0	Higher Tier, M3: (With calculator)	https://ccea.org.uk/downloads/docs/Past-Papers/cleared/GCSE/GCSE%20Mathematics%20%282017%29/2021-November/Standard/0/GCSE-Mathematics%20-504-November2021-Higher%20Tier%2C%20M3%3A%20%28With%20calculator%29-Paper.pdf
2021	November	Standard	MS=0	Foundation Tier, M2: (With calculator)	https://ccea.org.uk/downloads/docs/Past-Papers/cleared/GCSE/GCSE%20Mathematics%20%282017%29/2021-November/Standard/0/GCSE-Mathematics%20-504-November2021-Foundation%20Tier%2C%20M2%3A%20%28With%20calculator%29-Paper.pdf
2021	November	Standard	MS=0	Foundation Tier, MI: (With calculator)	https://ccea.org.uk/downloads/docs/Past-Papers/cleared/GCSE/GCSE%20Mathematics%20%282017%29/2021-November/Standard/0/GCSE-Mathematics%20-504-November2021-Foundation%20Tier%2C%20MI%3A%20%28With%20calculator%29-Paper.pdf
2021	Summer	Standard	MS=0	Foundation Tier, M6: Paper 2 (With calculator)	https://ccea.org.uk/downloads/docs/Past-Papers/cleared/GCSE/GCSE%20Mathematics%20%282017%29/2021-Summer/Standard/0/GCSE-Mathematics%20-504-Summer2021-Foundation%20Tier%2C%20M6%3A%20Paper%202%20%28With%20calculator%29-Paper.pdf
2021	Summer	Standard	MS=0	Foundation Tier, M5: Paper 1 (Non-Calculator)	https://ccea.org.uk/downloads/docs/Past-Papers/cleared/GCSE/GCSE%20Mathematics%20%282017%29/2021-Summer/Standard/0/GCSE-Mathematics%20-504-Summer2021-Foundation%20Tier%2C%20M5%3A%20Paper%201%20%28Non-Calculator%29-Paper.pdf
2021	Summer	Standard	MS=0	Foundation Tier, M5: Paper 2 (With calculator)	https://ccea.org.uk/downloads/docs/Past-Papers/cleared/GCSE/GCSE%20Mathematics%20%282017%29/2021-Summer/Standard/0/GCSE-Mathematics%20-504-Summer2021-Foundation%20Tier%2C%20M5%3A%20Paper%202%20%28With%20calculator%29-Paper.pdf
2021	Summer	Standard	MS=0	Higher Tier, M7: Paper 2 (With calculator)	https://ccea.org.uk/downloads/docs/Past-Papers/cleared/GCSE/GCSE%20Mathematics%20%282017%29/2021-Summer/Standard/0/GCSE-Mathematics%20-504-Summer2021-Higher%20Tier%2C%20M7%3A%20Paper%202%20%28With%20calculator%29-Paper.pdf
2021	Summer	Irish Medium	MS=0	Foundation Tier, M6: Paper 1 (Non-Calculator)	https://ccea.org.uk/downloads/docs/Past-Papers/cleared/GCSE/GCSE%20Mathematics%20%282017%29/2021-Summer/Irish%20Medium/0/GCSE-Mathematics%20-504-Summer2021-Foundation%20Tier%2C%20M6%3A%20Paper%201%20%28Non-Calculator%29-Paper.pdf
2021	Summer	Modified	MS=0	Foundation Tier, M6: Paper 1 (Non-Calculator) MV18pt	https://ccea.org.uk/downloads/docs/Past-Papers/cleared/GCSE/GCSE%20Mathematics%20%282017%29/2021-Summer/Modified/0/GCSE-Mathematics%20-504-Summer2021-Foundation%20Tier%2C%20M6%3A%20Paper%201%20%28Non-Calculator%29%20MV18pt-Paper.pdf
2021	Summer	Modified	MS=0	Foundation Tier, M6: Paper 1 (Non-Calculator) ML	https://ccea.org.uk/downloads/docs/Past-Papers/cleared/GCSE/GCSE%20Mathematics%20%282017%29/2021-Summer/Modified/0/GCSE-Mathematics%20-504-Summer2021-Foundation%20Tier%2C%20M6%3A%20Paper%201%20%28Non-Calculator%29%20ML-Paper.pdf
2021	Summer	Standard	MS=0	Foundation Tier, M6: Paper 1 (Non-Calculator)	https://ccea.org.uk/downloads/docs/Past-Papers/cleared/GCSE/GCSE%20Mathematics%20%282017%29/2021-Summer/Standard/0/GCSE-Mathematics%20-504-Summer2021-Foundation%20Tier%2C%20M6%3A%20Paper%201%20%28Non-Calculator%29-Paper.pdf
2021	Summer	Modified	MS=0	Higher Tier, M7: Paper 1 (Non-Calculator) MV18pt	https://ccea.org.uk/downloads/docs/Past-Papers/cleared/GCSE/GCSE%20Mathematics%20%282017%29/2021-Summer/Modified/0/GCSE-Mathematics%20-504-Summer2021-Higher%20Tier%2C%20M7%3A%20Paper%201%20%28Non-Calculator%29%20MV18pt-Paper.pdf
2021	Summer	Modified	MS=0	Higher Tier, M7: Paper 1 (Non-Calculator) ML	https://ccea.org.uk/downloads/docs/Past-Papers/cleared/GCSE/GCSE%20Mathematics%20%282017%29/2021-Summer/Modified/0/GCSE-Mathematics%20-504-Summer2021-Higher%20Tier%2C%20M7%3A%20Paper%201%20%28Non-Calculator%29%20ML-Paper.pdf
2021	Summer	Irish Medium	MS=0	Higher Tier, M7: Paper 1 (Non-Calculator)	https://ccea.org.uk/downloads/docs/Past-Papers/cleared/GCSE/GCSE%20Mathematics%20%282017%29/2021-Summer/Irish%20Medium/0/GCSE-Mathematics%20-504-Summer2021-Higher%20Tier%2C%20M7%3A%20Paper%201%20%28Non-Calculator%29-Paper.pdf
2021	Summer	Standard	MS=0	Higher Tier, M7: Paper 1 (Non-Calculator)	https://ccea.org.uk/downloads/docs/Past-Papers/cleared/GCSE/GCSE%20Mathematics%20%282017%29/2021-Summer/Standard/0/GCSE-Mathematics%20-504-Summer2021-Higher%20Tier%2C%20M7%3A%20Paper%201%20%28Non-Calculator%29-Paper.pdf
2021	Summer	Standard	MS=1	Higher Tier, M8: Paper 2 (With calculator)	https://ccea.org.uk/downloads/docs/Past-Papers/cleared/GCSE/GCSE%20Mathematics%20%282017%29/2021-Summer/Standard/0/GCSE-Mathematics%20-504-Summer2021-Higher%20Tier%2C%20M8%3A%20Paper%202%20%28With%20calculator%29-MS.pdf
2021	Summer	Standard	MS=1	Higher Tier, M8: Paper 1 (Non-Calculator)	https://ccea.org.uk/downloads/docs/Past-Papers/cleared/GCSE/GCSE%20Mathematics%20%282017%29/2021-Summer/Standard/0/GCSE-Mathematics%20-504-Summer2021-Higher%20Tier%2C%20M8%3A%20Paper%201%20%28Non-Calculator%29-MS.pdf
2021	Summer	Standard	MS=1	Higher Tier, M7: Paper 2 (With calculator)	https://ccea.org.uk/downloads/docs/Past-Papers/cleared/GCSE/GCSE%20Mathematics%20%282017%29/2021-Summer/Standard/0/GCSE-Mathematics%20-504-Summer2021-Higher%20Tier%2C%20M7%3A%20Paper%202%20%28With%20calculator%29-MS.pdf
2021	Summer	Standard	MS=1	Higher Tier, M7: Paper 1 (Non-Calculator)	https://ccea.org.uk/downloads/docs/Past-Papers/cleared/GCSE/GCSE%20Mathematics%20%282017%29/2021-Summer/Standard/0/GCSE-Mathematics%20-504-Summer2021-Higher%20Tier%2C%20M7%3A%20Paper%201%20%28Non-Calculator%29-MS.pdf
2021	Summer	Standard	MS=1	Foundation Tier, M6: Paper 2 (With calculator)	https://ccea.org.uk/downloads/docs/Past-Papers/cleared/GCSE/GCSE%20Mathematics%20%282017%29/2021-Summer/Standard/0/GCSE-Mathematics%20-504-Summer2021-Foundation%20Tier%2C%20M6%3A%20Paper%202%20%28With%20calculator%29-MS.pdf
2021	Summer	Standard	MS=1	Foundation Tier, M6: Paper 1 (Non-Calculator)	https://ccea.org.uk/downloads/docs/Past-Papers/cleared/GCSE/GCSE%20Mathematics%20%282017%29/2021-Summer/Standard/0/GCSE-Mathematics%20-504-Summer2021-Foundation%20Tier%2C%20M6%3A%20Paper%201%20%28Non-Calculator%29-MS.pdf
2021	Summer	Standard	MS=1	Foundation Tier, M5: Paper 2 (With calculator)	https://ccea.org.uk/downloads/docs/Past-Papers/cleared/GCSE/GCSE%20Mathematics%20%282017%29/2021-Summer/Standard/0/GCSE-Mathematics%20-504-Summer2021-Foundation%20Tier%2C%20M5%3A%20Paper%202%20%28With%20calculator%29-MS.pdf
2021	Summer	Standard	MS=1	Foundation Tier, M5: Paper 1 (Non-Calculator)	https://ccea.org.uk/downloads/docs/Past-Papers/cleared/GCSE/GCSE%20Mathematics%20%282017%29/2021-Summer/Standard/0/GCSE-Mathematics%20-504-Summer2021-Foundation%20Tier%2C%20M5%3A%20Paper%201%20%28Non-Calculator%29-MS.pdf
2021	Summer	Standard	MS=1	Higher Tier, M4: (With calculator)	https://ccea.org.uk/downloads/docs/Past-Papers/cleared/GCSE/GCSE%20Mathematics%20%282017%29/2021-Summer/Standard/0/GCSE-Mathematics%20-504-Summer2021-Higher%20Tier%2C%20M4%3A%20%28With%20calculator%29-MS.pdf
2021	Summer	Standard	MS=1	Higher Tier, M3: (With calculator)	https://ccea.org.uk/downloads/docs/Past-Papers/cleared/GCSE/GCSE%20Mathematics%20%282017%29/2021-Summer/Standard/0/GCSE-Mathematics%20-504-Summer2021-Higher%20Tier%2C%20M3%3A%20%28With%20calculator%29-MS.pdf
2021	Summer	Standard	MS=1	Foundation Tier, M2: (With calculator)	https://ccea.org.uk/downloads/docs/Past-Papers/cleared/GCSE/GCSE%20Mathematics%20%282017%29/2021-Summer/Standard/0/GCSE-Mathematics%20-504-Summer2021-Foundation%20Tier%2C%20M2%3A%20%28With%20calculator%29-MS.pdf
2021	Summer	Standard	MS=1	Foundation Tier, M1: (With calculator)	https://ccea.org.uk/downloads/docs/Past-Papers/cleared/GCSE/GCSE%20Mathematics%20%282017%29/2021-Summer/Standard/0/GCSE-Mathematics%20-504-Summer2021-Foundation%20Tier%2C%20M1%3A%20%28With%20calculator%29-MS.pdf
2021	Summer	Standard	MS=0	Higher Tier, M8: Paper 2 (With calculator)	https://ccea.org.uk/downloads/docs/Past-Papers/cleared/GCSE/GCSE%20Mathematics%20%282017%29/2021-Summer/Standard/0/GCSE-Mathematics%20-504-Summer2021-Higher%20Tier%2C%20M8%3A%20Paper%202%20%28With%20calculator%29-Paper.pdf
2021	Summer	Standard	MS=0	Higher Tier, M8: Paper 1 (Non-Calculator)	https://ccea.org.uk/downloads/docs/Past-Papers/cleared/GCSE/GCSE%20Mathematics%20%282017%29/2021-Summer/Standard/0/GCSE-Mathematics%20-504-Summer2021-Higher%20Tier%2C%20M8%3A%20Paper%201%20%28Non-Calculator%29-Paper.pdf
2021	Summer	Standard	MS=0	Higher Tier, M4: (With calculator)	https://ccea.org.uk/downloads/docs/Past-Papers/cleared/GCSE/GCSE%20Mathematics%20%282017%29/2021-Summer/Standard/0/GCSE-Mathematics%20-504-Summer2021-Higher%20Tier%2C%20M4%3A%20%28With%20calculator%29-Paper.pdf
2021	Summer	Standard	MS=0	Higher Tier, M3: (With calculator)	https://ccea.org.uk/downloads/docs/Past-Papers/cleared/GCSE/GCSE%20Mathematics%20%282017%29/2021-Summer/Standard/0/GCSE-Mathematics%20-504-Summer2021-Higher%20Tier%2C%20M3%3A%20%28With%20calculator%29-Paper.pdf
2021	Summer	Standard	MS=0	Foundation Tier, M1: (With calculator)	https://ccea.org.uk/downloads/docs/Past-Papers/cleared/GCSE/GCSE%20Mathematics%20%282017%29/2021-Summer/Standard/0/GCSE-Mathematics%20-504-Summer2021-Foundation%20Tier%2C%20M1%3A%20%28With%20calculator%29-Paper.pdf
2019	January	Modified	MS=0	Foundation Tier, Unit M2 (With Calculator) (ML)	https://ccea.org.uk/downloads/docs/Past-Papers/cleared/GCSE/GCSE%20Mathematics%20%282017%29/2019-January/Modified/0/GCSE-Mathematics%20-504-January2019-Foundation%20Tier%2C%20Unit%20M2%20%28With%20Calculator%29%20%28ML%29-Paper.pdf
2020	January	Standard	MS=1	Higher Tier, M8.2 (With Calculator)	https://ccea.org.uk/downloads/docs/Past-Papers/cleared/GCSE/GCSE%20Mathematics%20%282017%29/2020-January/Standard/0/GCSE-Mathematics%20-504-January2020-Higher%20Tier%2C%20M8.2%20%28With%20Calculator%29-MS_0.pdf
2020	January	Standard	MS=1	Higher Tier, M8.1	https://ccea.org.uk/downloads/docs/Past-Papers/cleared/GCSE/GCSE%20Mathematics%20%282017%29/2020-January/Standard/0/GCSE-Mathematics%20-504-January2020-Higher%20Tier%2C%20M8.1-MS_0.pdf
2020	January	Standard	MS=1	Higher Tier, M7.2 (With Calculator)	https://ccea.org.uk/downloads/docs/Past-Papers/cleared/GCSE/GCSE%20Mathematics%20%282017%29/2020-January/Standard/0/GCSE-Mathematics%20-504-January2020-Higher%20Tier%2C%20M7.2%20%28With%20Calculator%29-MS_0.pdf
2020	January	Standard	MS=1	Higher Tier, M7.1	https://ccea.org.uk/downloads/docs/Past-Papers/cleared/GCSE/GCSE%20Mathematics%20%282017%29/2020-January/Standard/0/GCSE-Mathematics%20-504-January2020-Higher%20Tier%2C%20M7.1-MS_0.pdf
2020	January	Standard	MS=1	Foundation Tier, M6.2 (With Calculator)	https://ccea.org.uk/downloads/docs/Past-Papers/cleared/GCSE/GCSE%20Mathematics%20%282017%29/2020-January/Standard/0/GCSE-Mathematics%20-504-January2020-Foundation%20Tier%2C%20M6.2%20%28With%20Calculator%29-MS_0.pdf
2020	January	Standard	MS=1	Foundation Tier, M6.1	https://ccea.org.uk/downloads/docs/Past-Papers/cleared/GCSE/GCSE%20Mathematics%20%282017%29/2020-January/Standard/0/GCSE-Mathematics%20-504-January2020-Foundation%20Tier%2C%20M6.1-MS_0.pdf
2020	January	Standard	MS=1	Foundation Tier, M5.2 (With Calculator)	https://ccea.org.uk/downloads/docs/Past-Papers/cleared/GCSE/GCSE%20Mathematics%20%282017%29/2020-January/Standard/0/GCSE-Mathematics%20-504-January2020-Foundation%20Tier%2C%20M5.2%20%28With%20Calculator%29-MS_0.pdf
2020	January	Standard	MS=1	Foundation Tier, M5.1	https://ccea.org.uk/downloads/docs/Past-Papers/cleared/GCSE/GCSE%20Mathematics%20%282017%29/2020-January/Standard/0/GCSE-Mathematics%20-504-January2020-Foundation%20Tier%2C%20M5.1-MS_0.pdf
2020	January	Standard	MS=1	Higher Tier, M4 (With Calculator)	https://ccea.org.uk/downloads/docs/Past-Papers/cleared/GCSE/GCSE%20Mathematics%20%282017%29/2020-January/Standard/0/GCSE-Mathematics%20-504-January2020-Higher%20Tier%2C%20M4%20%28With%20Calculator%29-MS_0.pdf
2020	January	Standard	MS=1	Higher Tier, M3 (With Calculator)	https://ccea.org.uk/downloads/docs/Past-Papers/cleared/GCSE/GCSE%20Mathematics%20%282017%29/2020-January/Standard/0/GCSE-Mathematics%20-504-January2020-Higher%20Tier%2C%20M3%20%28With%20Calculator%29-MS_0.pdf
2020	January	Standard	MS=1	Foundation Tier, M1 (With Calculator)	https://ccea.org.uk/downloads/docs/Past-Papers/cleared/GCSE/GCSE%20Mathematics%20%282017%29/2020-January/Standard/0/GCSE-Mathematics%20-504-January2020-Foundation%20Tier%2C%20M1%20%28With%20Calculator%29-MS_0.pdf
2020	January	Modified	MS=0	Foundation Tier, Unit M6: Paper 2 (With calculator)	https://ccea.org.uk/downloads/docs/Past-Papers/cleared/GCSE/GCSE%20Mathematics%20%20%282017%29/2020-January/Modified/0/GCSE-Mathematics%20-504-January2020-Foundation%20Tier%2C%20Unit%20M6%3A%20Paper%202%20%28With%20calculator%29-Paper.pdf
2020	January	Irish Medium	MS=0	Foundation Tier, Unit M6: Paper 2 (With calculator)	https://ccea.org.uk/downloads/docs/Past-Papers/cleared/GCSE/GCSE%20Mathematics%20%20%282017%29/2020-January/Irish%20Medium/0/GCSE-Mathematics%20-504-January2020-Foundation%20Tier%2C%20Unit%20M6%3A%20Paper%202%20%28With%20calculator%29-Paper.pdf
2020	January	Standard	MS=0	Foundation Tier, Unit M6: Paper 2 (With calculator)	https://ccea.org.uk/downloads/docs/Past-Papers/cleared/GCSE/GCSE%20Mathematics%20%282017%29/2020-January/Standard/0/GCSE-Mathematics%20-504-January2020-Foundation%20Tier%2C%20Unit%20M6%3A%20Paper%202%20%28With%20calculator%29-Paper_0.pdf
2020	January	Irish Medium	MS=0	Foundation Tier, Unit M5: Paper 2 (With Calculator)	https://ccea.org.uk/downloads/docs/Past-Papers/cleared/GCSE/GCSE%20Mathematics%20%20%282017%29/2020-January/Irish%20Medium/0/GCSE-Mathematics%20-504-January2020-Foundation%20Tier%2C%20Unit%20M5%3A%20Paper%202%20%28With%20Calculator%29-Paper.pdf
2020	January	Standard	MS=0	Foundation Tier, Unit M5: Paper 2 (With Calculator)	https://ccea.org.uk/downloads/docs/Past-Papers/cleared/GCSE/GCSE%20Mathematics%20%282017%29/2020-January/Standard/0/GCSE-Mathematics%20-504-January2020-Foundation%20Tier%2C%20Unit%20M5%3A%20Paper%202%20%28With%20Calculator%29-Paper_0.pdf
2020	January	Modified	MS=0	Foundation Tier, Unit M1 (With calculator) (MV18pt)	https://ccea.org.uk/downloads/docs/Past-Papers/cleared/GCSE/GCSE%20Mathematics%20%20%282017%29/2020-January/Modified/0/GCSE-Mathematics%20-504-January2020-Foundation%20Tier%2C%20Unit%20M1%20%28With%20calculator%29%20%28MV18pt%29-Paper.pdf
2020	January	Standard	MS=0	Foundation Tier, Unit M1 (With calculator)	https://ccea.org.uk/downloads/docs/Past-Papers/cleared/GCSE/GCSE%20Mathematics%20%282017%29/2020-January/Standard/0/GCSE-Mathematics%20-504-January2020-Foundation%20Tier%2C%20Unit%20M1%20%28With%20calculator%29-Paper_0.pdf
2020	January	Modified	MS=0	Higher Tier, Unit M8: Paper 2 (With calculator) (MV24pt)	https://ccea.org.uk/downloads/docs/Past-Papers/cleared/GCSE/GCSE%20Mathematics%20%20%282017%29/2020-January/Modified/0/GCSE-Mathematics%20-504-January2020-Higher%20Tier%2C%20Unit%20M8%3A%20Paper%202%20%28With%20calculator%29%20%28MV24pt%29-Paper.pdf
2020	January	Modified	MS=0	Higher Tier, Unit M8: Paper 1 (Non-Calculator) (MV24pt)	https://ccea.org.uk/downloads/docs/Past-Papers/cleared/GCSE/GCSE%20Mathematics%20%20%282017%29/2020-January/Modified/0/GCSE-Mathematics%20-504-January2020-Higher%20Tier%2C%20Unit%20M8%3A%20Paper%201%20%28Non-Calculator%29%20%28MV24pt%29-Paper.pdf
2020	January	Modified	MS=0	Higher Tier, Unit M7: Paper 2 (With Calculator) (MV18pt)	https://ccea.org.uk/downloads/docs/Past-Papers/cleared/GCSE/GCSE%20Mathematics%20%20%282017%29/2020-January/Modified/0/GCSE-Mathematics%20-504-January2020-Higher%20Tier%2C%20Unit%20M7%3A%20Paper%202%20%28With%20Calculator%29%20%28MV18pt%29-Paper.pdf
2020	January	Modified	MS=0	Higher Tier, Unit M7: Paper 1 (Non-Calculator) (MV18pt)	https://ccea.org.uk/downloads/docs/Past-Papers/cleared/GCSE/GCSE%20Mathematics%20%20%282017%29/2020-January/Modified/0/GCSE-Mathematics%20-504-January2020-Higher%20Tier%2C%20Unit%20M7%3A%20Paper%201%20%28Non-Calculator%29%20%28MV18pt%29-Paper.pdf
2020	January	Modified	MS=0	Higher Tier, Unit M4 (With calculator) (MV24pt)	https://ccea.org.uk/downloads/docs/Past-Papers/cleared/GCSE/GCSE%20Mathematics%20%20%282017%29/2020-January/Modified/0/GCSE-Mathematics%20-504-January2020-Higher%20Tier%2C%20Unit%20M4%20%28With%20calculator%29%20%28MV24pt%29-Paper.pdf
2020	January	Modified	MS=0	Higher Tier, Unit M4 (With calculator) (MV18pt)	https://ccea.org.uk/downloads/docs/Past-Papers/cleared/GCSE/GCSE%20Mathematics%20%20%282017%29/2020-January/Modified/0/GCSE-Mathematics%20-504-January2020-Higher%20Tier%2C%20Unit%20M4%20%28With%20calculator%29%20%28MV18pt%29-Paper.pdf
2020	January	Modified	MS=0	Higher Tier, Unit M3 (With calculator) (MV18pt)	https://ccea.org.uk/downloads/docs/Past-Papers/cleared/GCSE/GCSE%20Mathematics%20%20%282017%29/2020-January/Modified/0/GCSE-Mathematics%20-504-January2020-Higher%20Tier%2C%20Unit%20M3%20%28With%20calculator%29%20%28MV18pt%29-Paper.pdf
2020	January	Modified	MS=0	Foundation Tier, Unit M6: Paper 1 (Non-Calculator) (MV18pt)	https://ccea.org.uk/downloads/docs/Past-Papers/cleared/GCSE/GCSE%20Mathematics%20%20%282017%29/2020-January/Modified/0/GCSE-Mathematics%20-504-January2020-Foundation%20Tier%2C%20Unit%20M6%3A%20Paper%201%20%28Non-Calculator%29%20%28MV18pt%29-Paper.pdf
2020	January	Modified	MS=0	Foundation Tier, Unit M2 (With calculator) (MV18pt)	https://ccea.org.uk/downloads/docs/Past-Papers/cleared/GCSE/GCSE%20Mathematics%20%20%282017%29/2020-January/Modified/0/GCSE-Mathematics%20-504-January2020-Foundation%20Tier%2C%20Unit%20M2%20%28With%20calculator%29%20%28MV18pt%29-Paper.pdf
2020	January	Irish Medium	MS=0	Higher Tier, Unit M8: Paper 2 (With calculator)	https://ccea.org.uk/downloads/docs/Past-Papers/cleared/GCSE/GCSE%20Mathematics%20%20%282017%29/2020-January/Irish%20Medium/0/GCSE-Mathematics%20-504-January2020-Higher%20Tier%2C%20Unit%20M8%3A%20Paper%202%20%28With%20calculator%29-Paper.pdf
2020	January	Irish Medium	MS=0	Higher Tier, Unit M8: Paper 1 (Non-Calculator)	https://ccea.org.uk/downloads/docs/Past-Papers/cleared/GCSE/GCSE%20Mathematics%20%20%282017%29/2020-January/Irish%20Medium/0/GCSE-Mathematics%20-504-January2020-Higher%20Tier%2C%20Unit%20M8%3A%20Paper%201%20%28Non-Calculator%29-Paper.pdf
2020	January	Irish Medium	MS=0	Higher Tier, Unit M7: Paper 2 (With Calculator)	https://ccea.org.uk/downloads/docs/Past-Papers/cleared/GCSE/GCSE%20Mathematics%20%20%282017%29/2020-January/Irish%20Medium/0/GCSE-Mathematics%20-504-January2020-Higher%20Tier%2C%20Unit%20M7%3A%20Paper%202%20%28With%20Calculator%29-Paper.pdf
2020	January	Irish Medium	MS=0	Higher Tier, Unit M7: Paper 1 (Non-Calculator)	https://ccea.org.uk/downloads/docs/Past-Papers/cleared/GCSE/GCSE%20Mathematics%20%20%282017%29/2020-January/Irish%20Medium/0/GCSE-Mathematics%20-504-January2020-Higher%20Tier%2C%20Unit%20M7%3A%20Paper%201%20%28Non-Calculator%29-Paper.pdf
2020	January	Irish Medium	MS=0	Higher Tier, Unit M4 (With calculator)	https://ccea.org.uk/downloads/docs/Past-Papers/cleared/GCSE/GCSE%20Mathematics%20%20%282017%29/2020-January/Irish%20Medium/0/GCSE-Mathematics%20-504-January2020-Higher%20Tier%2C%20Unit%20M4%20%28With%20calculator%29-Paper.pdf
2020	January	Irish Medium	MS=0	Higher Tier, Unit M3 (With calculator)	https://ccea.org.uk/downloads/docs/Past-Papers/cleared/GCSE/GCSE%20Mathematics%20%20%282017%29/2020-January/Irish%20Medium/0/GCSE-Mathematics%20-504-January2020-Higher%20Tier%2C%20Unit%20M3%20%28With%20calculator%29-Paper.pdf
2020	January	Irish Medium	MS=0	Foundation Tier, Unit M6: Paper 1 (Non-Calculator)	https://ccea.org.uk/downloads/docs/Past-Papers/cleared/GCSE/GCSE%20Mathematics%20%20%282017%29/2020-January/Irish%20Medium/0/GCSE-Mathematics%20-504-January2020-Foundation%20Tier%2C%20Unit%20M6%3A%20Paper%201%20%28Non-Calculator%29-Paper.pdf
2020	January	Irish Medium	MS=0	Foundation Tier, Unit M5: Paper 1 (Non-Calculator)	https://ccea.org.uk/downloads/docs/Past-Papers/cleared/GCSE/GCSE%20Mathematics%20%20%282017%29/2020-January/Irish%20Medium/0/GCSE-Mathematics%20-504-January2020-Foundation%20Tier%2C%20Unit%20M5%3A%20Paper%201%20%28Non-Calculator%29-Paper.pdf
2020	January	Irish Medium	MS=0	Foundation Tier, Unit M2 (With calculator) (IM)	https://ccea.org.uk/downloads/docs/Past-Papers/cleared/GCSE/GCSE%20Mathematics%20%20%282017%29/2020-January/Irish%20Medium/0/GCSE-Mathematics%20-504-January2020-Foundation%20Tier%2C%20Unit%20M2%20%28With%20calculator%29%20%28IM%29-Paper.pdf
2020	January	Standard	MS=0	Higher Tier, Unit M8: Paper 2 (With calculator)	https://ccea.org.uk/downloads/docs/Past-Papers/cleared/GCSE/GCSE%20Mathematics%20%282017%29/2020-January/Standard/0/GCSE-Mathematics%20-504-January2020-Higher%20Tier%2C%20Unit%20M8%3A%20Paper%202%20%28With%20calculator%29-Paper_0.pdf
2020	January	Standard	MS=0	Higher Tier, Unit M8: Paper 1 (Non-Calculator)	https://ccea.org.uk/downloads/docs/Past-Papers/cleared/GCSE/GCSE%20Mathematics%20%282017%29/2020-January/Standard/0/GCSE-Mathematics%20-504-January2020-Higher%20Tier%2C%20Unit%20M8%3A%20Paper%201%20%28Non-Calculator%29-Paper_0.pdf
2020	January	Standard	MS=0	Higher Tier, Unit M7: Paper 2 (With Calculator)	https://ccea.org.uk/downloads/docs/Past-Papers/cleared/GCSE/GCSE%20Mathematics%20%282017%29/2020-January/Standard/0/GCSE-Mathematics%20-504-January2020-Higher%20Tier%2C%20Unit%20M7%3A%20Paper%202%20%28With%20Calculator%29-Paper_0.pdf
2020	January	Standard	MS=0	Higher Tier, Unit M7: Paper 1 (Non-Calculator)	https://ccea.org.uk/downloads/docs/Past-Papers/cleared/GCSE/GCSE%20Mathematics%20%282017%29/2020-January/Standard/0/GCSE-Mathematics%20-504-January2020-Higher%20Tier%2C%20Unit%20M7%3A%20Paper%201%20%28Non-Calculator%29-Paper_0.pdf
2020	January	Standard	MS=0	Higher Tier, Unit M4 (With calculator)	https://ccea.org.uk/downloads/docs/Past-Papers/cleared/GCSE/GCSE%20Mathematics%20%282017%29/2020-January/Standard/0/GCSE-Mathematics%20-504-January2020-Higher%20Tier%2C%20Unit%20M4%20%28With%20calculator%29-Paper_0.pdf
2020	January	Standard	MS=0	Higher Tier, Unit M3 (With calculator)	https://ccea.org.uk/downloads/docs/Past-Papers/cleared/GCSE/GCSE%20Mathematics%20%282017%29/2020-January/Standard/0/GCSE-Mathematics%20-504-January2020-Higher%20Tier%2C%20Unit%20M3%20%28With%20calculator%29-Paper_0.pdf
2020	January	Standard	MS=0	Foundation Tier, Unit M6: Paper 1 (Non-Calculator)	https://ccea.org.uk/downloads/docs/Past-Papers/cleared/GCSE/GCSE%20Mathematics%20%282017%29/2020-January/Standard/0/GCSE-Mathematics%20-504-January2020-Foundation%20Tier%2C%20Unit%20M6%3A%20Paper%201%20%28Non-Calculator%29-Paper_0.pdf
2020	January	Standard	MS=0	Foundation Tier, Unit M5: Paper 1 (Non-Calculator)	https://ccea.org.uk/downloads/docs/Past-Papers/cleared/GCSE/GCSE%20Mathematics%20%282017%29/2020-January/Standard/0/GCSE-Mathematics%20-504-January2020-Foundation%20Tier%2C%20Unit%20M5%3A%20Paper%201%20%28Non-Calculator%29-Paper_0.pdf
2020	January	Standard	MS=0	Foundation Tier, Unit M2 (With calculator)	https://ccea.org.uk/downloads/docs/Past-Papers/cleared/GCSE/GCSE%20Mathematics%20%282017%29/2020-January/Standard/0/GCSE-Mathematics%20-504-January2020-Foundation%20Tier%2C%20Unit%20M2%20%28With%20calculator%29-Paper_0.pdf
2019	Summer	Modified	MS=0	Higher Tier, Unit M7: Paper 1 (Non-Calculator) (MV24pt)	https://ccea.org.uk/downloads/docs/Past-Papers/cleared/GCSE/GCSE%20Mathematics%20%20%282017%29/2019-Summer/Modified/0/GCSE-Mathematics%20-504-Summer2019-Higher%20Tier%2C%20Unit%20M7%3A%20Paper%201%20%28Non-Calculator%29%20%28MV24pt%29-Paper.pdf
2019	Summer	Modified	MS=0	Higher Tier, Unit M8: Paper 2 (With calculator) (MV24pt)	https://ccea.org.uk/downloads/docs/Past-Papers/cleared/GCSE/GCSE%20Mathematics%20%20%282017%29/2019-Summer/Modified/0/GCSE-Mathematics%20-504-Summer2019-Higher%20Tier%2C%20Unit%20M8%3A%20Paper%202%20%28With%20calculator%29%20%28MV24pt%29-Paper.pdf
2018	Summer	Modified	MS=0	Higher Tier, Unit M3 (With calculator) (MV18)	https://ccea.org.uk/downloads/docs/Past-Papers/cleared/GCSE/GCSE%20Mathematics%20%282017%29/2018-Summer/Modified/0/GCSE-Mathematics%20-504-Summer2018-Higher%20Tier%2C%20Unit%20M3%20%28With%20calculator%29%20%28MV18%29-Paper.pdf
2018	Summer	Modified	MS=0	Foundation Tier, Unit M2 (With calculator) (MV18)	https://ccea.org.uk/downloads/docs/Past-Papers/cleared/GCSE/GCSE%20Mathematics%20%282017%29/2018-Summer/Modified/0/GCSE-Mathematics%20-504-Summer2018-Foundation%20Tier%2C%20Unit%20M2%20%28With%20calculator%29%20%28MV18%29-Paper.pdf
2019	Summer	Modified	MS=0	Higher Tier, Unit M8: Paper 2 (With calculator) (MV18pt)	https://ccea.org.uk/downloads/docs/Past-Papers/cleared/GCSE/GCSE%20Mathematics%20%20%282017%29/2019-Summer/Modified/0/GCSE-Mathematics%20-504-Summer2019-Higher%20Tier%2C%20Unit%20M8%3A%20Paper%202%20%28With%20calculator%29%20%28MV18pt%29-Paper.pdf
2019	Summer	Modified	MS=0	Higher Tier, Unit M8: Paper 1 (Non-Calculator) (MV24pt)	https://ccea.org.uk/downloads/docs/Past-Papers/cleared/GCSE/GCSE%20Mathematics%20%20%282017%29/2019-Summer/Modified/0/GCSE-Mathematics%20-504-Summer2019-Higher%20Tier%2C%20Unit%20M8%3A%20Paper%201%20%28Non-Calculator%29%20%28MV24pt%29-Paper.pdf
2019	Summer	Modified	MS=0	Higher Tier, Unit M8: Paper 1 (Non-Calculator) (MV18pt)	https://ccea.org.uk/downloads/docs/Past-Papers/cleared/GCSE/GCSE%20Mathematics%20%20%282017%29/2019-Summer/Modified/0/GCSE-Mathematics%20-504-Summer2019-Higher%20Tier%2C%20Unit%20M8%3A%20Paper%201%20%28Non-Calculator%29%20%28MV18pt%29-Paper.pdf
2019	Summer	Modified	MS=0	Higher Tier, Unit M7: Paper 2 (With calculator) (MV24pt)	https://ccea.org.uk/downloads/docs/Past-Papers/cleared/GCSE/GCSE%20Mathematics%20%20%282017%29/2019-Summer/Modified/0/GCSE-Mathematics%20-504-Summer2019-Higher%20Tier%2C%20Unit%20M7%3A%20Paper%202%20%28With%20calculator%29%20%28MV24pt%29-Paper.pdf
2019	Summer	Modified	MS=0	Higher Tier, Unit M7: Paper 2 (With calculator) (MV18pt)	https://ccea.org.uk/downloads/docs/Past-Papers/cleared/GCSE/GCSE%20Mathematics%20%20%282017%29/2019-Summer/Modified/0/GCSE-Mathematics%20-504-Summer2019-Higher%20Tier%2C%20Unit%20M7%3A%20Paper%202%20%28With%20calculator%29%20%28MV18pt%29-Paper.pdf
2019	Summer	Modified	MS=0	Higher Tier, Unit M7: Paper 1 (Non-Calculator) (MV18pt)	https://ccea.org.uk/downloads/docs/Past-Papers/cleared/GCSE/GCSE%20Mathematics%20%20%282017%29/2019-Summer/Modified/0/GCSE-Mathematics%20-504-Summer2019-Higher%20Tier%2C%20Unit%20M7%3A%20Paper%201%20%28Non-Calculator%29%20%28MV18pt%29-Paper.pdf
2019	Summer	Modified	MS=0	Higher Tier, Unit M4 (With calculator) (MV24pt)	https://ccea.org.uk/downloads/docs/Past-Papers/cleared/GCSE/GCSE%20Mathematics%20%20%282017%29/2019-Summer/Modified/0/GCSE-Mathematics%20-504-Summer2019-Higher%20Tier%2C%20Unit%20M4%20%28With%20calculator%29%20%28MV24pt%29-Paper.pdf
2019	Summer	Modified	MS=0	Higher Tier, Unit M4 (With calculator) (ML)	https://ccea.org.uk/downloads/docs/Past-Papers/cleared/GCSE/GCSE%20Mathematics%20%20%282017%29/2019-Summer/Modified/0/GCSE-Mathematics%20-504-Summer2019-Higher%20Tier%2C%20Unit%20M4%20%28With%20calculator%29%20%28ML%29-Paper.pdf
2019	Summer	Modified	MS=0	Higher Tier, Unit M3 (With calculator) (MV18)	https://ccea.org.uk/downloads/docs/Past-Papers/cleared/GCSE/GCSE%20Mathematics%20%282017%29/2019-Summer/Modified/0/GCSE-Mathematics%20-504-Summer2019-Higher%20Tier%2C%20Unit%20M3%20%28With%20calculator%29%20%28MV18%29-Paper.pdf
2019	Summer	Modified	MS=0	Higher Tier, Unit M3 (With calculator) (ML)	https://ccea.org.uk/downloads/docs/Past-Papers/cleared/GCSE/GCSE%20Mathematics%20%20%282017%29/2019-Summer/Modified/0/GCSE-Mathematics%20-504-Summer2019-Higher%20Tier%2C%20Unit%20M3%20%28With%20calculator%29%20%28ML%29-Paper.pdf
2019	Summer	Modified	MS=0	Foundation Tier, Unit M6: Paper 2 (With calculator) (MV24pt)	https://ccea.org.uk/downloads/docs/Past-Papers/cleared/GCSE/GCSE%20Mathematics%20%20%282017%29/2019-Summer/Modified/0/GCSE-Mathematics%20-504-Summer2019-Foundation%20Tier%2C%20Unit%20M6%3A%20Paper%202%20%28With%20calculator%29%20%28MV24pt%29-Paper.pdf
2019	Summer	Modified	MS=0	Foundation Tier, Unit M6: Paper 2 (With calculator) (MV18pt)	https://ccea.org.uk/downloads/docs/Past-Papers/cleared/GCSE/GCSE%20Mathematics%20%20%282017%29/2019-Summer/Modified/0/GCSE-Mathematics%20-504-Summer2019-Foundation%20Tier%2C%20Unit%20M6%3A%20Paper%202%20%28With%20calculator%29%20%28MV18pt%29-Paper.pdf
2019	Summer	Modified	MS=0	Foundation Tier, Unit M6: Paper 1 (Non-Calculator) (MV24pt)	https://ccea.org.uk/downloads/docs/Past-Papers/cleared/GCSE/GCSE%20Mathematics%20%20%282017%29/2019-Summer/Modified/0/GCSE-Mathematics%20-504-Summer2019-Foundation%20Tier%2C%20Unit%20M6%3A%20Paper%201%20%28Non-Calculator%29%20%28MV24pt%29-Paper.pdf
2019	Summer	Modified	MS=0	Foundation Tier, Unit M6: Paper 1 (Non-Calculator) (MV18pt)	https://ccea.org.uk/downloads/docs/Past-Papers/cleared/GCSE/GCSE%20Mathematics%20%20%282017%29/2019-Summer/Modified/0/GCSE-Mathematics%20-504-Summer2019-Foundation%20Tier%2C%20Unit%20M6%3A%20Paper%201%20%28Non-Calculator%29%20%28MV18pt%29-Paper.pdf
2019	Summer	Modified	MS=0	Foundation Tier, Unit M5: Paper 2 (With calculator) (MV18pt)	https://ccea.org.uk/downloads/docs/Past-Papers/cleared/GCSE/GCSE%20Mathematics%20%20%282017%29/2019-Summer/Modified/0/GCSE-Mathematics%20-504-Summer2019-Foundation%20Tier%2C%20Unit%20M5%3A%20Paper%202%20%28With%20calculator%29%20%28MV18pt%29-Paper.pdf
2019	Summer	Modified	MS=0	Foundation Tier, Unit M5: Paper 1 (Non-Calculator) (MV18pt)	https://ccea.org.uk/downloads/docs/Past-Papers/cleared/GCSE/GCSE%20Mathematics%20%20%282017%29/2019-Summer/Modified/0/GCSE-Mathematics%20-504-Summer2019-Foundation%20Tier%2C%20Unit%20M5%3A%20Paper%201%20%28Non-Calculator%29%20%28MV18pt%29-Paper.pdf
2019	Summer	Modified	MS=0	Foundation Tier, Unit M2 (With calculator) (MV18pt)	https://ccea.org.uk/downloads/docs/Past-Papers/cleared/GCSE/GCSE%20Mathematics%20%20%282017%29/2019-Summer/Modified/0/GCSE-Mathematics%20-504-Summer2019-Foundation%20Tier%2C%20Unit%20M2%20%28With%20calculator%29%20%28MV18pt%29-Paper.pdf
2019	Summer	Modified	MS=0	Foundation Tier, Unit M2 (With calculator) (ML)	https://ccea.org.uk/downloads/docs/Past-Papers/cleared/GCSE/GCSE%20Mathematics%20%20%282017%29/2019-Summer/Modified/0/GCSE-Mathematics%20-504-Summer2019-Foundation%20Tier%2C%20Unit%20M2%20%28With%20calculator%29%20%28ML%29-Paper.pdf
2019	Summer	Modified	MS=0	Foundation Tier, Unit M1 (With calculator) (MV24pt)	https://ccea.org.uk/downloads/docs/Past-Papers/cleared/GCSE/GCSE%20Mathematics%20%20%282017%29/2019-Summer/Modified/0/GCSE-Mathematics%20-504-Summer2019-Foundation%20Tier%2C%20Unit%20M1%20%28With%20calculator%29%20%28MV24pt%29-Paper.pdf
2019	Summer	Modified	MS=0	Foundation Tier, Unit M1 (With calculator) (MV18pt)	https://ccea.org.uk/downloads/docs/Past-Papers/cleared/GCSE/GCSE%20Mathematics%20%20%282017%29/2019-Summer/Modified/0/GCSE-Mathematics%20-504-Summer2019-Foundation%20Tier%2C%20Unit%20M1%20%28With%20calculator%29%20%28MV18pt%29-Paper.pdf
2019	January	Modified	MS=0	Higher Tier, Unit M4 (With calculator) (MV18pt)	https://ccea.org.uk/downloads/docs/Past-Papers/cleared/GCSE/GCSE%20Mathematics%20%20%282017%29/2019-January/Modified/0/GCSE-Mathematics%20-504-January2019-Higher%20Tier%2C%20Unit%20M4%20%28With%20calculator%29%20%28MV18pt%29-Paper_0.pdf
2019	January	Modified	MS=0	Higher Tier, Unit M4 (With calculator) (MV18pt)	https://ccea.org.uk/downloads/docs/Past-Papers/cleared/GCSE/GCSE%20Mathematics%20%20%282017%29/2019-January/Modified/0/GCSE-Mathematics%20-504-January2019-Higher%20Tier%2C%20Unit%20M4%20%28With%20calculator%29%20%28MV18pt%29-Paper.pdf
2019	January	Modified	MS=0	Higher Tier, Unit M4 (With calculator) (ML)	https://ccea.org.uk/downloads/docs/Past-Papers/cleared/GCSE/GCSE%20Mathematics%20%20%282017%29/2019-January/Modified/0/GCSE-Mathematics%20-504-January2019-Higher%20Tier%2C%20Unit%20M4%20%28With%20calculator%29%20%28ML%29-Paper_0.pdf
2019	January	Modified	MS=0	Higher Tier, Unit M4 (With calculator) (ML)	https://ccea.org.uk/downloads/docs/Past-Papers/cleared/GCSE/GCSE%20Mathematics%20%20%282017%29/2019-January/Modified/0/GCSE-Mathematics%20-504-January2019-Higher%20Tier%2C%20Unit%20M4%20%28With%20calculator%29%20%28ML%29-Paper.pdf
2019	January	Modified	MS=0	Foundation Tier, Unit M2 (With calculator) (MV18pt)	https://ccea.org.uk/downloads/docs/Past-Papers/cleared/GCSE/GCSE%20Mathematics%20%20%282017%29/2019-January/Modified/0/GCSE-Mathematics%20-504-January2019-Foundation%20Tier%2C%20Unit%20M2%20%28With%20calculator%29%20%28MV18pt%29-Paper.pdf
2018	Summer	Irish Medium	MS=0	Higher Tier, Unit M4 (With calculator)	https://ccea.org.uk/downloads/docs/Past-Papers/cleared/GCSE/GCSE%20Mathematics%20%20%282017%29/2018-Summer/Irish%20Medium/0/GCSE-Mathematics%20-504-Summer2018-Higher%20Tier%2C%20Unit%20M4%20%28With%20calculator%29-Paper.pdf
2018	Summer	Irish Medium	MS=0	Higher Tier, Unit M3 (With calculator)	https://ccea.org.uk/downloads/docs/Past-Papers/cleared/GCSE/GCSE%20Mathematics%20%20%282017%29/2018-Summer/Irish%20Medium/0/GCSE-Mathematics%20-504-Summer2018-Higher%20Tier%2C%20Unit%20M3%20%28With%20calculator%29-Paper.pdf
2019	Summer	Irish Medium	MS=0	Higher Tier, Unit M8: Paper 2 (With calculator)	https://ccea.org.uk/downloads/docs/Past-Papers/cleared/GCSE/GCSE%20Mathematics%20%20%282017%29/2019-Summer/Irish%20Medium/0/GCSE-Mathematics%20-504-Summer2019-Higher%20Tier%2C%20Unit%20M8%3A%20Paper%202%20%28With%20calculator%29-Paper.pdf
2019	Summer	Irish Medium	MS=0	Higher Tier, Unit M8: Paper 1 (Non-Calculator)	https://ccea.org.uk/downloads/docs/Past-Papers/cleared/GCSE/GCSE%20Mathematics%20%20%282017%29/2019-Summer/Irish%20Medium/0/GCSE-Mathematics%20-504-Summer2019-Higher%20Tier%2C%20Unit%20M8%3A%20Paper%201%20%28Non-Calculator%29-Paper.pdf
2019	Summer	Irish Medium	MS=0	Higher Tier, Unit M7: Paper 2 (With calculator)	https://ccea.org.uk/downloads/docs/Past-Papers/cleared/GCSE/GCSE%20Mathematics%20%20%282017%29/2019-Summer/Irish%20Medium/0/GCSE-Mathematics%20-504-Summer2019-Higher%20Tier%2C%20Unit%20M7%3A%20Paper%202%20%28With%20calculator%29-Paper.pdf
2019	Summer	Irish Medium	MS=0	Higher Tier, Unit M7: Paper 1 (Non-Calculator)	https://ccea.org.uk/downloads/docs/Past-Papers/cleared/GCSE/GCSE%20Mathematics%20%20%282017%29/2019-Summer/Irish%20Medium/0/GCSE-Mathematics%20-504-Summer2019-Higher%20Tier%2C%20Unit%20M7%3A%20Paper%201%20%28Non-Calculator%29-Paper.pdf
2019	Summer	Irish Medium	MS=0	Higher Tier, Unit M4 (With calculator)	https://ccea.org.uk/downloads/docs/Past-Papers/cleared/GCSE/GCSE%20Mathematics%20%20%282017%29/2019-Summer/Irish%20Medium/0/GCSE-Mathematics%20-504-Summer2019-Higher%20Tier%2C%20Unit%20M4%20%28With%20calculator%29-Paper.pdf
2019	Summer	Irish Medium	MS=0	Higher Tier, Unit M3 (With calculator)	https://ccea.org.uk/downloads/docs/Past-Papers/cleared/GCSE/GCSE%20Mathematics%20%20%282017%29/2019-Summer/Irish%20Medium/0/GCSE-Mathematics%20-504-Summer2019-Higher%20Tier%2C%20Unit%20M3%20%28With%20calculator%29-Paper.pdf
2019	Summer	Irish Medium	MS=0	Foundation Tier, Unit M6: Paper 2 (With calculator)	https://ccea.org.uk/downloads/docs/Past-Papers/cleared/GCSE/GCSE%20Mathematics%20%20%282017%29/2019-Summer/Irish%20Medium/0/GCSE-Mathematics%20-504-Summer2019-Foundation%20Tier%2C%20Unit%20M6%3A%20Paper%202%20%28With%20calculator%29-Paper.pdf
2019	Summer	Irish Medium	MS=0	Foundation Tier, Unit M6: Paper 1 (Non-Calculator) (IM)	https://ccea.org.uk/downloads/docs/Past-Papers/cleared/GCSE/GCSE%20Mathematics%20%20%282017%29/2019-Summer/Irish%20Medium/0/GCSE-Mathematics%20-504-Summer2019-Foundation%20Tier%2C%20Unit%20M6%3A%20Paper%201%20%28Non-Calculator%29%20%28IM%29-Paper.pdf
2019	Summer	Irish Medium	MS=0	Foundation Tier, Unit M2 (With calculator)	https://ccea.org.uk/downloads/docs/Past-Papers/cleared/GCSE/GCSE%20Mathematics%20%20%282017%29/2019-Summer/Irish%20Medium/0/GCSE-Mathematics%20-504-Summer2019-Foundation%20Tier%2C%20Unit%20M2%20%28With%20calculator%29-Paper.pdf
2019	January	Irish Medium	MS=0	Higher Tier, Unit M4 (With calculator)	https://ccea.org.uk/downloads/docs/Past-Papers/cleared/GCSE/GCSE%20Mathematics%20%20%282017%29/2019-January/Irish%20Medium/0/GCSE-Mathematics%20-504-January2019-Higher%20Tier%2C%20Unit%20M4%20%28With%20calculator%29-Paper.pdf
2019	January	Irish Medium	MS=0	Higher Tier, Unit M3 (With calculator)	https://ccea.org.uk/downloads/docs/Past-Papers/cleared/GCSE/GCSE%20Mathematics%20%20%282017%29/2019-January/Irish%20Medium/0/GCSE-Mathematics%20-504-January2019-Higher%20Tier%2C%20Unit%20M3%20%28With%20calculator%29-Paper.pdf
2019	January	Irish Medium	MS=0	Foundation Tier, Unit M2 (With calculator)	https://ccea.org.uk/downloads/docs/Past-Papers/cleared/GCSE/GCSE%20Mathematics%20%20%282017%29/2019-January/Irish%20Medium/0/GCSE-Mathematics%20-504-January2019-Foundation%20Tier%2C%20Unit%20M2%20%28With%20calculator%29-Paper.pdf
2018	Summer	Standard	MS=1	Higher Tier, Unit M4 (With calculator)	https://ccea.org.uk/downloads/docs/Past-Papers/cleared/GCSE/GCSE%20Mathematics%20%20%282017%29/2018-Summer/Standard/0/GCSE-Mathematics%20-504-Summer2018-Higher%20Tier%2C%20Unit%20M4%20%28With%20calculator%29-MS.pdf
2018	Summer	Standard	MS=0	Higher Tier, Unit M4 (With calculator)	https://ccea.org.uk/downloads/docs/Past-Papers/cleared/GCSE/GCSE%20Mathematics%20%282017%29/2018-Summer/Standard/0/GCSE-Mathematics%20-504-Summer2018-Higher%20Tier%2C%20Unit%20M4%20%28With%20calculator%29-Paper_0.pdf
2018	Summer	Standard	MS=1	Higher Tier, Unit M3 (With calculator)	https://ccea.org.uk/downloads/docs/Past-Papers/cleared/GCSE/GCSE%20Mathematics%20%20%282017%29/2018-Summer/Standard/0/GCSE-Mathematics%20-504-Summer2018-Higher%20Tier%2C%20Unit%20M3%20%28With%20calculator%29-MS.pdf
2018	Summer	Standard	MS=1	Foundation Tier, Unit M2 (With calculator)	https://ccea.org.uk/downloads/docs/Past-Papers/cleared/GCSE/GCSE%20Mathematics%20%20%282017%29/2018-Summer/Standard/0/GCSE-Mathematics%20-504-Summer2018-Foundation%20Tier%2C%20Unit%20M2%20%28With%20calculator%29-MS.pdf
2018	Summer	Standard	MS=0	Foundation Tier, Unit M2 (With calculator)	https://ccea.org.uk/downloads/docs/Past-Papers/cleared/GCSE/GCSE%20Mathematics%20%282017%29/2018-Summer/Standard/0/GCSE-Mathematics%20-504-Summer2018-Foundation%20Tier%2C%20Unit%20M2%20%28With%20calculator%29-Paper_0.pdf
2018	Summer	Standard	MS=1	Foundation Tier, Unit M1 (With calculator)	https://ccea.org.uk/downloads/docs/Past-Papers/cleared/GCSE/GCSE%20Mathematics%20%20%282017%29/2018-Summer/Standard/0/GCSE-Mathematics%20-504-Summer2018-Foundation%20Tier%2C%20Unit%20M1%20%28With%20calculator%29-MS.pdf
2019	Summer	Standard	MS=0	Higher Tier, M8: Paper 2 (With calculator)	https://ccea.org.uk/downloads/docs/Past-Papers/cleared/GCSE/GCSE%20Mathematics%20%282017%29/2019-Summer/Standard/0/GCSE-Mathematics%20-504-Summer2019-Higher%20Tier%2C%20M8%3A%20Paper%202%20%28With%20calculator%29-Paper.pdf
2019	Summer	Standard	MS=0	Higher Tier, M8: Paper 1 (Non-Calculator)	https://ccea.org.uk/downloads/docs/Past-Papers/cleared/GCSE/GCSE%20Mathematics%20%282017%29/2019-Summer/Standard/0/GCSE-Mathematics%20-504-Summer2019-Higher%20Tier%2C%20M8%3A%20Paper%201%20%28Non-Calculator%29-Paper.pdf
2019	Summer	Standard	MS=0	Higher Tier, M7: Paper 2 (With calculator)	https://ccea.org.uk/downloads/docs/Past-Papers/cleared/GCSE/GCSE%20Mathematics%20%282017%29/2019-Summer/Standard/0/GCSE-Mathematics%20-504-Summer2019-Higher%20Tier%2C%20M7%3A%20Paper%202%20%28With%20calculator%29-Paper.pdf
2019	Summer	Standard	MS=0	Higher Tier, M7: Paper 1 (Non-Calculator)	https://ccea.org.uk/downloads/docs/Past-Papers/cleared/GCSE/GCSE%20Mathematics%20%282017%29/2019-Summer/Standard/0/GCSE-Mathematics%20-504-Summer2019-Higher%20Tier%2C%20M7%3A%20Paper%201%20%28Non-Calculator%29-Paper.pdf
2019	Summer	Standard	MS=0	Higher Tier, M4 (With calculator)	https://ccea.org.uk/downloads/docs/Past-Papers/cleared/GCSE/GCSE%20Mathematics%20%282017%29/2019-Summer/Standard/0/GCSE-Mathematics%20-504-Summer2019-Higher%20Tier%2C%20M4%20%28With%20calculator%29-Paper.pdf
2019	Summer	Standard	MS=0	Higher Tier, M3 (With calculator)	https://ccea.org.uk/downloads/docs/Past-Papers/cleared/GCSE/GCSE%20Mathematics%20%282017%29/2019-Summer/Standard/0/GCSE-Mathematics%20-504-Summer2019-Higher%20Tier%2C%20M3%20%28With%20calculator%29-Paper.pdf
2019	Summer	Standard	MS=1	Higher Tier, M8.2 (Calculator Paper)	https://ccea.org.uk/downloads/docs/Past-Papers/cleared/GCSE/GCSE%20Mathematics%20%20%282017%29/2019-Summer/Standard/0/GCSE-Mathematics%20-504-Summer2019-Higher%20Tier%2C%20M8.2%20%28Calculator%20Paper%29-MS.pdf
2019	Summer	Standard	MS=1	Higher Tier, M8.1 (Non-Calculator Paper)	https://ccea.org.uk/downloads/docs/Past-Papers/cleared/GCSE/GCSE%20Mathematics%20%20%282017%29/2019-Summer/Standard/0/GCSE-Mathematics%20-504-Summer2019-Higher%20Tier%2C%20M8.1%20%28Non-Calculator%20Paper%29-MS.pdf
2019	Summer	Standard	MS=1	Higher Tier, M7.2 (Calculator Paper)	https://ccea.org.uk/downloads/docs/Past-Papers/cleared/GCSE/GCSE%20Mathematics%20%20%282017%29/2019-Summer/Standard/0/GCSE-Mathematics%20-504-Summer2019-Higher%20Tier%2C%20M7.2%20%28Calculator%20Paper%29-MS.pdf
2019	Summer	Standard	MS=1	Higher Tier, M7.1 (Non-Calculator Paper)	https://ccea.org.uk/downloads/docs/Past-Papers/cleared/GCSE/GCSE%20Mathematics%20%20%282017%29/2019-Summer/Standard/0/GCSE-Mathematics%20-504-Summer2019-Higher%20Tier%2C%20M7.1%20%28Non-Calculator%20Paper%29-MS.pdf
2019	Summer	Standard	MS=1	Higher Tier, M4 (Calculator Paper)	https://ccea.org.uk/downloads/docs/Past-Papers/cleared/GCSE/GCSE%20Mathematics%20%20%282017%29/2019-Summer/Standard/0/GCSE-Mathematics%20-504-Summer2019-Higher%20Tier%2C%20M4%20%28Calculator%20Paper%29-MS.pdf
2019	Summer	Standard	MS=1	Higher Tier, M3 (Calculator Paper)	https://ccea.org.uk/downloads/docs/Past-Papers/cleared/GCSE/GCSE%20Mathematics%20%20%282017%29/2019-Summer/Standard/0/GCSE-Mathematics%20-504-Summer2019-Higher%20Tier%2C%20M3%20%28Calculator%20Paper%29-MS.pdf
2019	Summer	Standard	MS=0	Foundation Tier, M6: Paper 2 (With calculator)	https://ccea.org.uk/downloads/docs/Past-Papers/cleared/GCSE/GCSE%20Mathematics%20%282017%29/2019-Summer/Standard/0/GCSE-Mathematics%20-504-Summer2019-Foundation%20Tier%2C%20M6%3A%20Paper%202%20%28With%20calculator%29-Paper.pdf
2019	Summer	Standard	MS=0	 Foundation Tier, M6: Paper 1 (Non-Calculator)	https://ccea.org.uk/downloads/docs/Past-Papers/cleared/GCSE/GCSE%20Mathematics%20%282017%29/2019-Summer/Standard/0/GCSE-Mathematics%20-504-Summer2019-%20Foundation%20Tier%2C%20M6%3A%20Paper%201%20%28Non-Calculator%29-Paper.pdf
2019	Summer	Standard	MS=0	Foundation Tier, M5: Paper 2 (With calculator)	https://ccea.org.uk/downloads/docs/Past-Papers/cleared/GCSE/GCSE%20Mathematics%20%282017%29/2019-Summer/Standard/0/GCSE-Mathematics%20-504-Summer2019-Foundation%20Tier%2C%20M5%3A%20Paper%202%20%28With%20calculator%29-Paper.pdf
2019	Summer	Standard	MS=0	Foundation Tier, M5: Paper 1 (Non-Calculator)	https://ccea.org.uk/downloads/docs/Past-Papers/cleared/GCSE/GCSE%20Mathematics%20%282017%29/2019-Summer/Standard/0/GCSE-Mathematics%20-504-Summer2019-Foundation%20Tier%2C%20M5%3A%20Paper%201%20%28Non-Calculator%29-Paper.pdf
2019	Summer	Standard	MS=1	Foundation Tier, M5: Paper 1 (Non-Calculator)	https://ccea.org.uk/downloads/docs/Past-Papers/cleared/GCSE/GCSE%20Mathematics%20%282017%29/2019-Summer/Standard/0/GCSE-Mathematics%20-504-Summer2019-Foundation%20Tier%2C%20M5%3A%20Paper%201%20%28Non-Calculator%29-MS.pdf
2019	Summer	Standard	MS=0	Foundation Tier, M2 (With calculator)	https://ccea.org.uk/downloads/docs/Past-Papers/cleared/GCSE/GCSE%20Mathematics%20%282017%29/2019-Summer/Standard/0/GCSE-Mathematics%20-504-Summer2019-Foundation%20Tier%2C%20M2%20%28With%20calculator%29-Paper.pdf
2019	Summer	Standard	MS=0	Foundation Tier, M1 (With calculator)	https://ccea.org.uk/downloads/docs/Past-Papers/cleared/GCSE/GCSE%20Mathematics%20%282017%29/2019-Summer/Standard/0/GCSE-Mathematics%20-504-Summer2019-Foundation%20Tier%2C%20M1%20%28With%20calculator%29-Paper.pdf
2019	Summer	Standard	MS=1	Foundation Tier, M6.2 (Calculator Paper)	https://ccea.org.uk/downloads/docs/Past-Papers/cleared/GCSE/GCSE%20Mathematics%20%20%282017%29/2019-Summer/Standard/0/GCSE-Mathematics%20-504-Summer2019-Foundation%20Tier%2C%20M6.2%20%28Calculator%20Paper%29-MS.pdf
2019	Summer	Standard	MS=1	Foundation Tier, M6.1 (Non-Calculator Paper)	https://ccea.org.uk/downloads/docs/Past-Papers/cleared/GCSE/GCSE%20Mathematics%20%20%282017%29/2019-Summer/Standard/0/GCSE-Mathematics%20-504-Summer2019-Foundation%20Tier%2C%20M6.1%20%28Non-Calculator%20Paper%29-MS.pdf
2019	Summer	Standard	MS=1	Foundation Tier, M5: Paper 2 (With calculator)	https://ccea.org.uk/downloads/docs/Past-Papers/cleared/GCSE/GCSE%20Mathematics%20%282017%29/2019-Summer/Standard/0/GCSE-Mathematics%20-504-Summer2019-Foundation%20Tier%2C%20M5%3A%20Paper%202%20%28With%20calculator%29-MS.pdf
2019	Summer	Standard	MS=1	Foundation Tier, M2 (Calculator Paper)	https://ccea.org.uk/downloads/docs/Past-Papers/cleared/GCSE/GCSE%20Mathematics%20%20%282017%29/2019-Summer/Standard/0/GCSE-Mathematics%20-504-Summer2019-Foundation%20Tier%2C%20M2%20%28Calculator%20Paper%29-MS.pdf
2019	Summer	Standard	MS=1	Foundation Tier, M1 (Calculator Paper)	https://ccea.org.uk/downloads/docs/Past-Papers/cleared/GCSE/GCSE%20Mathematics%20%20%282017%29/2019-Summer/Standard/0/GCSE-Mathematics%20-504-Summer2019-Foundation%20Tier%2C%20M1%20%28Calculator%20Paper%29-MS.pdf
2019	January	Standard	MS=0	Higher Tier, M4 (With calculator)	https://ccea.org.uk/downloads/docs/Past-Papers/cleared/GCSE/GCSE%20Mathematics%20%282017%29/2019-January/Standard/0/GCSE-Mathematics%20-504-January2019-Higher%20Tier%2C%20M4%20%28With%20calculator%29-Paper.pdf
2019	January	Standard	MS=0	Higher Tier, M3 (With calculator)	https://ccea.org.uk/downloads/docs/Past-Papers/cleared/GCSE/GCSE%20Mathematics%20%282017%29/2019-January/Standard/0/GCSE-Mathematics%20-504-January2019-Higher%20Tier%2C%20M3%20%28With%20calculator%29-Paper.pdf
2019	January	Standard	MS=1	Higher Tier, M4 (With calculator) 	https://ccea.org.uk/downloads/docs/Past-Papers/cleared/GCSE/GCSE%20Mathematics%20%20%282017%29/2019-January/Standard/0/GCSE-Mathematics%20-504-January2019-Higher%20Tier%2C%20M4%20%28With%20calculator%29%20-MS.pdf
2019	January	Standard	MS=1	Higher Tier, M3 (With calculator)	https://ccea.org.uk/downloads/docs/Past-Papers/cleared/GCSE/GCSE%20Mathematics%20%20%282017%29/2019-January/Standard/0/GCSE-Mathematics%20-504-January2019-Higher%20Tier%2C%20M3%20%28With%20calculator%29-MS.pdf
2019	January	Standard	MS=0	Foundation Tier, M2 (With calculator)	https://ccea.org.uk/downloads/docs/Past-Papers/cleared/GCSE/GCSE%20Mathematics%20%282017%29/2019-January/Standard/0/GCSE-Mathematics%20-504-January2019-Foundation%20Tier%2C%20M2%20%28With%20calculator%29-Paper.pdf
2019	January	Standard	MS=0	Foundation Tier, M1 (With calculator)	https://ccea.org.uk/downloads/docs/Past-Papers/cleared/GCSE/GCSE%20Mathematics%20%282017%29/2019-January/Standard/0/GCSE-Mathematics%20-504-January2019-Foundation%20Tier%2C%20M1%20%28With%20calculator%29-Paper.pdf
2019	January	Standard	MS=1	Foundation Tier, M2 (With calculator)	https://ccea.org.uk/downloads/docs/Past-Papers/cleared/GCSE/GCSE%20Mathematics%20%20%282017%29/2019-January/Standard/0/GCSE-Mathematics%20-504-January2019-Foundation%20Tier%2C%20M2%20%28With%20calculator%29-MS.pdf
2019	January	Standard	MS=1	Foundation Tier, M1 (With calculator)	https://ccea.org.uk/downloads/docs/Past-Papers/cleared/GCSE/GCSE%20Mathematics%20%20%282017%29/2019-January/Standard/0/GCSE-Mathematics%20-504-January2019-Foundation%20Tier%2C%20M1%20%28With%20calculator%29-MS.pdf
